datetime,spotify_track_id,telegram_audio_id
2023/03/18-20:40:03,734dz1YaFITwawPpM25fSt,CQACAgQAAx0Eb86Z0AACAalkFiGjcxhTWluSOLVQrVvi53L0_gACNBAAAuBWsFA2g7234tLcAAEvBA
2023/03/18-20:41:37,1c8gk2PeTE04A1pIDH9YMk,CQACAgQAAx0Eb86Z0AACAapkFiIAAdrCHMQuhQ4YgEKsgmcEAAGwAAI1EAAC4FawUJp41AABHHQVPy8E
2023/03/18-20:41:55,2A73XBDBQgmdXO8VsXPWIs,CQACAgQAAx0Eb86Z0AACAatkFiISOubyfxt7amTDVFhXV9rbjgACNhAAAuBWsFC1mgt1GN6iyy8E
2023/03/18-20:42:15,4oy98QoABnGKpvapDkI525,CQACAgQAAx0Eb86Z0AACAaxkFiImEJDXgeqN9VB6EqL0yx7FbQACNxAAAuBWsFBte3zdkvdZby8E
2023/03/18-20:42:34,4RyjMERDcCJHTkFpXzgUw4,CQACAgQAAx0Eb86Z0AACAa1kFiI5edULlkAr5-Zi8bLANiBipAACOBAAAuBWsFArdMK16TG2sC8E
2023/03/18-20:42:58,73CMRj62VK8nUS4ezD2wvi,CQACAgQAAx0Eb86Z0AACAa5kFiJRlui1GAgxYIsgg9xBcWNzigACORAAAuBWsFBTJG6w-jOb7S8E
2023/03/18-20:43:18,3uVsdnIglL7aTjm8X08J0M,CQACAgQAAx0Eb86Z0AACAa9kFiJmDoKXf6QZAvMiL9zwnCgytAACOhAAAuBWsFAWxmdxNBvWHS8E
2023/03/18-20:43:37,08YJEcxGtYXwCGqXMZDiyQ,CQACAgQAAx0Eb86Z0AACAbBkFiJ5jhIM0Tmwsvj22yEWMnRORwACOxAAAuBWsFA9vCvyYcXI4S8E
2023/03/18-20:43:56,5AKAyMEL5LqCkafztPdBSI,CQACAgQAAx0Eb86Z0AACAbFkFiKLO1FDWMq8TQz4iVNGmVSusgACPBAAAuBWsFDBjupx0iy7Cy8E
2023/03/18-20:44:18,43dcCpx19I0R4zLr4KH1UC,CQACAgQAAx0Eb86Z0AACAbJkFiKiYIwZNuazWcvuCmslvWhigwACPRAAAuBWsFB-xHVMKCgnri8E
2023/03/18-20:44:39,7nm6DlSzzJTH1rk2e6EgJz,CQACAgQAAx0Eb86Z0AACAbNkFiK3Qp8FqyQ-VldVCbhk7Bk-vwACPhAAAuBWsFB0qG08i2ywvy8E
2023/03/18-20:45:05,1zwMYTA5nlNjZxYrvBB2pV,CQACAgQAAx0Eb86Z0AACAbRkFiLRntv9oeNNfZe-Ri6ai70u5QACPxAAAuBWsFAcZR_6rXDwaS8E
2023/03/18-20:46:54,0HoaLXRp7jJtdQFunUyUGc,CQACAgQAAx0Eb86Z0AACAbVkFiM-GECg2SisMd0MyxaNI1qnXAACQRAAAuBWsFDvORwb19in7y8E
2023/03/18-20:47:10,228jEjW3dgYStlF1JrZfdq,CQACAgQAAx0Eb86Z0AACAbZkFiNOcGi9wY8AASfcPp8wKKiylt8AAkIQAALgVrBQ6C0_EQ6iRakvBA
2023/03/18-20:47:30,4o7SYOv7mNJAPe0tsxgbHc,CQACAgQAAx0Eb86Z0AACAbdkFiNiNvq9mWR3XxZ624mSx-ykcAACQxAAAuBWsFBAe6u5hGmZcy8E
2023/03/18-20:48:01,2WfaOiMkCvy7F5fcp2zZ8L,CQACAgQAAx0Eb86Z0AACAbhkFiOBtixid1KDeZAHJc-DWN86QAACRBAAAuBWsFDn4n4lFXDRPi8E
2023/03/18-20:48:21,4UzXNnMuJxEwbq7fUltTBY,CQACAgQAAx0Eb86Z0AACAblkFiOUA68gDjEetvZdT6bfp042NQACRRAAAuBWsFCYx9xbVu6_gy8E
2023/03/18-20:48:39,2DtxE4vJtQ6HvW57S9CVfQ,CQACAgQAAx0Eb86Z0AACAbpkFiOn2JE0sxhxsjpdl-QXgAG5QwACRhAAAuBWsFDnkEdSe1I7AS8E
2023/03/18-20:48:54,0zxbHcfh7VHaXH3TYbK1nZ,CQACAgQAAx0Eb86Z0AACAbtkFiO1kDd2CZuOtnE-3voyFmDwNwACRxAAAuBWsFAnlieoUmv1GS8E
2023/03/18-20:49:10,7K6ckWHgxR2QNO9UkvO4LV,CQACAgQAAx0Eb86Z0AACAbxkFiPGBTx-hjTK-9kKRGNQfLw_UQACSRAAAuBWsFA0J5EryrUigi8E
2023/03/18-20:49:32,3fHDbOrSf2IQhLeKaShLS4,CQACAgQAAx0Eb86Z0AACAb1kFiPb-7cNzNZMGQ831efh646CtwACShAAAuBWsFAr-bqTXcyYfS8E
2023/03/18-20:49:48,61GEP8lryEfcuEgBMbRmNi,CQACAgQAAx0Eb86Z0AACAb5kFiPs_6UMyZ_KLuwFCc3GiGAhowACSxAAAuBWsFB_-IYgv1-FlC8E
2023/03/18-20:50:07,6BUJtgTJT9YTDkiB81maFQ,CQACAgQAAx0Eb86Z0AACAb9kFiP_A3INsG7lavhb_l3EsV5HowACTBAAAuBWsFBF4s4yLBGXRy8E
2023/03/18-20:50:28,1khA4hwhZD4HMecyE1e9U1,CQACAgQAAx0Eb86Z0AACAcBkFiQUZQKyDlJS7D9Bg-xIvUZyFwACTRAAAuBWsFD9zb19WSISjC8E
2023/03/18-20:50:49,2H1BmB1b6Px9KJXIUpD03u,CQACAgQAAx0Eb86Z0AACAcFkFiQpjZD5uTPFaU0DqB3atUCovQACThAAAuBWsFDsl91gmtL-AAEvBA
2023/03/18-20:51:07,6MDxjEmwVBrZM1UH9FpYP4,CQACAgQAAx0Eb86Z0AACAcJkFiQ6ocBorkZg1Cgd4JExRhh1qQACTxAAAuBWsFBV-7ZJTFzpRi8E
2023/03/18-20:51:27,3Xls4cNOwy01dtrNXb1inG,CQACAgQAAx0Eb86Z0AACAcNkFiRPYIylmW2QRT7ukfyMrHZE4wACUBAAAuBWsFBrrlvThuAYNy8E
2023/03/18-20:51:50,0zJRpPE55zt81pXP8N7R9E,CQACAgQAAx0Eb86Z0AACAcRkFiRlsb_qu8T-hya6qne-NYri5QACURAAAuBWsFAoXiepnJkBfy8E
2023/03/18-20:52:13,56oReVXIfUO9xkX7pHmEU0,CQACAgQAAx0Eb86Z0AACAcVkFiR9C5zsXwMUU46Y-vcQy_O0OgACUhAAAuBWsFDRDscTHpIExy8E
2023/03/18-20:52:43,1I0qu4PsBjAHfJHy9wy5AA,CQACAgQAAx0Eb86Z0AACAcZkFiSa_zw2p0G_92UZEAcLvc3MhAACUxAAAuBWsFDc0_kph1MH6C8E
2023/03/18-20:53:06,3adnLFXKO5rC1lhUNSeg3N,CQACAgQAAx0Eb86Z0AACAcdkFiSxNDg7VfMAAb257655TCr9GsUAAlQQAALgVrBQVtQpdL4bNaUvBA
2023/03/18-20:53:25,1T0Dv84b0Za7FoLcoeajgh,CQACAgQAAx0Eb86Z0AACAchkFiTFLSBzcxjCI0InxZ4byoBYZwACVRAAAuBWsFBB07fMXP4D-S8E
2023/03/18-20:53:45,6bE0o9hYUPYlokZIH79oM0,CQACAgQAAx0Eb86Z0AACAclkFiTZV184BF5DcP3Wk0zDbTMRuwACVhAAAuBWsFD6pGtqem2kxi8E
2023/03/18-20:54:01,4unEKanhrUiSOMqja8Euw5,CQACAgQAAx0Eb86Z0AACAcpkFiTpVr5LhXSmlxKas0ZSvtGjUQACVxAAAuBWsFBQne46ttkRfS8E
2023/03/18-20:54:16,3dqolcvYNg0QofPi5OgYSl,CQACAgQAAx0Eb86Z0AACActkFiT4paE9wDU1S7Ffpacw0DNeoQACWBAAAuBWsFCgiv8t3CpTsS8E
2023/03/18-20:54:42,41KpRS8w8Bdrs5ecWbSxtJ,CQACAgQAAx0Eb86Z0AACAcxkFiUSXDC41rDI-U7MC0I9TawTxAACWRAAAuBWsFDgmVLIx3J2Ey8E
2023/03/18-20:55:02,5fV66sSCWs5HfSKOQYfJxg,CQACAgQAAx0Eb86Z0AACAc1kFiUl7SKIop48eKDmfUEiJjEWLwACWhAAAuBWsFDRAaDKdAPeAAEvBA
2023/03/18-20:55:22,746LA65NkR4lBTRmxXDxwX,CQACAgQAAx0Eb86Z0AACAc5kFiU6EA2fwg7qhffFDZ6GvyGT0wACWxAAAuBWsFD6Sq8i--j9Fi8E
2023/03/18-20:55:41,76RdZMmRezzaNdUbcjjNyU,CQACAgQAAx0Eb86Z0AACAc9kFiVNH0YkvQdr75jaz5b0KIaWfgACXBAAAuBWsFDLix9TKEEAATkvBA
2023/03/18-20:55:57,632EUtBelECssjKp9ZX1tL,CQACAgQAAx0Eb86Z0AACAdBkFiVdE--2_eFnvXsqyh95_lr9gAACXRAAAuBWsFAZeuWlmu8JWy8E
2023/03/18-20:56:20,5I04MBlxgkrND4xvwlAWjG,CQACAgQAAx0Eb86Z0AACAdFkFiVzVGIDRuOPEOU2HXeOIK35VgACXhAAAuBWsFAo6kFXjeAWei8E
2023/03/18-20:56:37,7fAFXX20WLmkSGZVM2BDyu,CQACAgQAAx0Eb86Z0AACAdJkFiWFMjcW399WiP4wfZmzBNZlvAACXxAAAuBWsFB3pBgKs5NVZS8E
2023/03/18-20:56:58,5CzMYZ9RWunez2wR3oHwtr,CQACAgQAAx0Eb86Z0AACAdNkFiWZgfRfv6Qub8N84riDPmBvyQACYBAAAuBWsFDr-WHgD01p7S8E
2023/03/18-20:57:14,1UZJCcCJJgGEi7MtWVruGu,CQACAgQAAx0Eb86Z0AACAdRkFiWp5DGpxRdDLvGNcPk1r7jqVQACYRAAAuBWsFCJnxx39loRuy8E
2023/03/18-20:57:30,6OjSyUp4cLDv9RYvVYYrQc,CQACAgQAAx0Eb86Z0AACAdVkFiW6NFayCty9AyokmYMx-pdYtQACYhAAAuBWsFAaLRVNVAWNKS8E
2023/03/18-20:57:49,1LT4QUpKPE9Y7oTD1uYT0A,CQACAgQAAx0Eb86Z0AACAdZkFiXMSjAi7SQ7MK92LHqmDyPkjAACYxAAAuBWsFAQAr8GkMpMBS8E
2023/03/18-20:58:06,1YrIVAOYdoQd1ypGk31RjP,CQACAgQAAx0Eb86Z0AACAddkFiXesHavjRTY-yW8jzdTSarI2QACZBAAAuBWsFCMiGWu4FN4Di8E
2023/03/18-20:58:25,6vf4zR62v16hWExurdqLKN,CQACAgQAAx0Eb86Z0AACAdhkFiXx2Lg0Yry6BQiV7l0G-hD3MwACZhAAAuBWsFDHMA30t3CnZC8E
2023/03/18-20:58:44,1WxUcACrb7ZM2UcIRRYNFZ,CQACAgQAAx0Eb86Z0AACAdlkFiYErltc74JEzwm8_-WoivAHcgACZxAAAuBWsFAakoDIFRrYiC8E
2023/03/18-20:59:13,2afTwwBpDFlbIwOFJTkYa6,CQACAgQAAx0Eb86Z0AACAdpkFiYgcQsdWSPArkbTwK-8KZxKmwACaBAAAuBWsFDApWSWsW6B4C8E
2023/03/18-20:59:32,2QKKDlyUcWmfZm3vO7PlXW,CQACAgQAAx0Eb86Z0AACAdtkFiY0vN64WC9SMZJepsfhULVfpAACahAAAuBWsFBOw5lpEMvl9y8E
2023/03/18-20:59:50,1M9pbKaLoE8i1U5w4G2lHV,CQACAgQAAx0Eb86Z0AACAdxkFiZGNjIAAXXHNll7Te8SlpWl8R4AAmsQAALgVrBQol86Iv-vjS4vBA
2023/03/18-21:00:05,6CcPNaOx5cp5nYhpc0p7Ur,CQACAgQAAx0Eb86Z0AACAd1kFiZVmbDpoGdvEghSv_eiCIWBDAACbBAAAuBWsFBdcpxt-bjYty8E
2023/03/18-21:00:22,54Ybc5gEmC1Vdm2hqazAr1,CQACAgQAAx0Eb86Z0AACAd5kFiZmNf4rWmhzyO29Ivwm3AV-wQACbRAAAuBWsFDvsnX5mey0iC8E
2023/03/18-21:00:44,0cd61fgEIxajNPSz4oE6R0,CQACAgQAAx0Eb86Z0AACAd9kFiZ89dlpMTAgUpJtejVA2XvcrwACbhAAAuBWsFCXIaXfW8QDNC8E
2023/03/18-21:01:03,4Voe2eKl4bIx1mJqXpQZQa,CQACAgQAAx0Eb86Z0AACAeBkFiaPahUs5rrs3t30mXu3L5VGagACbxAAAuBWsFAUP5VNY-cPjC8E
2023/03/18-21:01:22,0pvR6pWkGrO0lYGtFV1Dvi,CQACAgQAAx0Eb86Z0AACAeFkFiah8T4CwxpMtJTI1ajg8dAoRwACcRAAAuBWsFDmAAGhQJ2VhDUvBA
2023/03/18-21:01:42,6DKZ6kwCDHC8JckgXYrb9x,CQACAgQAAx0Eb86Z0AACAeJkFia14kkRgnHJR9oXnQHFoE4mEgACchAAAuBWsFDH6NWFNzE1qS8E
2023/03/18-21:02:01,7Mysq8IJXZvqVSg3NVH7wJ,CQACAgQAAx0Eb86Z0AACAeNkFibJdgXvR2WmJ-alSsXf-LkZAAN0EAAC4FawUBgNkkkglNgqLwQ
2023/03/18-21:02:20,23GapVjCiDjXbJkDbX8fad,CQACAgQAAx0Eb86Z0AACAeRkFibcmQwvMpaS2rXsxXc2eM5lowACdRAAAuBWsFCJJQWMs-RuLy8E
2023/03/18-21:02:38,0KepE4aUzFvhHimdbXFmPR,CQACAgQAAx0Eb86Z0AACAeVkFibuCgwZNVnDCS65Fmjk8S5_JgACdxAAAuBWsFAkjUui56MURC8E
2023/03/18-21:02:56,6yFIspNCKGI6pPfTOUYGjl,CQACAgQAAx0Eb86Z0AACAeZkFicAAc2J-YUEUEjttFxDSQK9qpgAAnkQAALgVrBQRNAzcDhKg9UvBA
2023/03/18-21:03:13,2zysGsFCXuQuB0fVqpnNHh,CQACAgQAAx0Eb86Z0AACAedkFicRrxKVcvLRU8fcVSBNHQK1bAACehAAAuBWsFAxNWfRZ695fC8E
2023/03/18-21:03:31,5qYriBdPXy6FCRLSbI6SU0,CQACAgQAAx0Eb86Z0AACAehkFicjRe3H4Oci3V2AHxJ509dAwwACexAAAuBWsFAljkpeu2fGTy8E
2023/03/18-21:03:52,32yWi7U1DJ7pa9NRcm4zZr,CQACAgQAAx0Eb86Z0AACAelkFic3K20YmgOg8waQRq7-y3DbGQACfBAAAuBWsFBL4vs1znqwQy8E
2023/03/18-21:04:09,6sjCNpsNZ4JUDy6FgzKXTo,CQACAgQAAx0Eb86Z0AACAepkFidIi0yT92342B-xbabYMDcVUAACfRAAAuBWsFBYNy83Klaxzi8E
2023/03/18-21:04:29,3xQsL61qYs3uGmIPzKlDPS,CQACAgQAAx0Eb86Z0AACAetkFidcnZ1W-Lr-B0MRviL1pmbwjAACfhAAAuBWsFBgftZRzDjZgy8E
2023/03/18-21:04:47,52vx8NiPyDTV8HjTqcdPGl,CQACAgQAAx0Eb86Z0AACAexkFidulmFEvT3DWhUuaGvCYmFyygACfxAAAuBWsFDgozjGw8I_jy8E
2023/03/18-21:05:07,6F9aB1osAA5KWZiKAwjgD7,CQACAgQAAx0Eb86Z0AACAe1kFieCIISrYVnK82g1UHBx-OrZaAACgBAAAuBWsFC_UO7b_INj1i8E
2023/03/18-21:05:26,1v1OjOgLVvOtPjHBLl3bWS,CQACAgQAAx0Eb86Z0AACAe5kFieVSZgJpDxhnQ34e_K4UiiSYQACgRAAAuBWsFDLHqTftvlXhi8E
2023/03/18-21:05:44,5gLcteZSW89HtwM9Glwp0r,CQACAgQAAx0Eb86Z0AACAe9kFieo85mHcQgAAWdt694U3s4pJq8AAoIQAALgVrBQsGdlLqetvOsvBA
2023/03/18-21:06:08,7KjGwbC1Nbt3e0Wovd3LvB,CQACAgQAAx0Eb86Z0AACAfBkFie_-CM8N-ioY0ODcmmhGCGVFAACgxAAAuBWsFDPDQIZWaE9Wi8E
2023/03/18-21:06:26,4W0RWhmF9FNSGx1cJd8ZAX,CQACAgQAAx0Eb86Z0AACAfFkFifS6bFKXa3w57SBcjbFcv0CtQAChRAAAuBWsFBjz-VZHT5RDS8E
2023/03/18-21:06:44,6R4iwtndN4vxtg024vcZc6,CQACAgQAAx0Eb86Z0AACAfJkFifj-V3laB04_tNoNmhkH6t8kgAChhAAAuBWsFBeImj6kSZuyS8E
2023/03/18-21:07:02,7DS5saHBLhb6x5SEJ8eLUo,CQACAgQAAx0Eb86Z0AACAfNkFif23Fck31Avz-cpzeSV0uMv4wAChxAAAuBWsFA_cz_HNE5Tci8E
2023/03/18-21:07:21,3LmbUrxznZTMQun8Ko4Pnh,CQACAgQAAx0Eb86Z0AACAfRkFigImHmLNXqDcB2WRv4H57t64wACiBAAAuBWsFDhHgGdAAE-pgABLwQ
2023/03/18-21:07:39,2Tw463vi8DMqkr2EiLYfZM,CQACAgQAAx0Eb86Z0AACAfVkFigaauoCmEHlqmK77ZSK7AMcSQACiRAAAuBWsFDuaPhKXEwn8S8E
2023/03/18-21:07:56,74MeFebolnDpgvEOMVCAnF,CQACAgQAAx0Eb86Z0AACAfZkFigsbB2ghPZNuPpUMXcsc_KZQwACihAAAuBWsFCjOzQW5mbH0i8E
2023/03/18-21:08:14,5q76hPNXXR1S8BF86hbM1b,CQACAgQAAx0Eb86Z0AACAfdkFig-Ki_eHyoO-ykYVuiZeAI0lwACixAAAuBWsFA-JFAPxEs5Hi8E
2023/03/18-21:08:31,1ENHNwnyaxwdzajxpMZpZB,CQACAgQAAx0Eb86Z0AACAfhkFihOrLaNOS3qx1GRPpxlU051jwACjBAAAuBWsFAlnLFBLSwHoS8E
2023/03/18-21:08:48,3G9N5TrD82H8WM7rwhCCLk,CQACAgQAAx0Eb86Z0AACAflkFihgCIrh1Fu8SG0kijQve9tUIQACjRAAAuBWsFBGar5Et0B6mi8E
2023/03/18-21:09:05,7HPX5D4BvN2kDrcuiehCno,CQACAgQAAx0Eb86Z0AACAfpkFihxkeLGFqrEtpICvQABPpBzPDMAAo4QAALgVrBQWbwUSiT00BsvBA
2023/03/18-21:09:23,7aBxcGXVoALaZzwcv5l15F,CQACAgQAAx0Eb86Z0AACAftkFiiDmY5wx3jBmPL6GRzxSvWSXAACjxAAAuBWsFCw7golXDO03y8E
2023/03/18-21:09:45,37t1gWrJgoofbjVmyLBE5q,CQACAgQAAx0Eb86Z0AACAfxkFiiYid0NpRPspREghXOMORie-AACkRAAAuBWsFCpi7JSwRQZ3C8E
2023/03/18-21:10:03,2ungRRY94Oj47tDCAm4yGI,CQACAgQAAx0Eb86Z0AACAf1kFiirkYFEzJ5oYFyG_POKPDSwiAACkxAAAuBWsFBqdUkMCmnHmi8E
2023/03/18-21:10:21,7bjpKVomLZrKnBpuR8sXwK,CQACAgQAAx0Eb86Z0AACAf5kFii8u6mc-Az7g8Bm4OJ3swxbawAClBAAAuBWsFAinSpi1n083y8E
2023/03/18-21:10:38,1PYTHSKkgsKfIcgEck1e9c,CQACAgQAAx0Eb86Z0AACAf9kFijNUmsEF5CemOKZcvV0RxvW0gAClRAAAuBWsFDtZElbSxTHeS8E
2023/03/18-21:10:57,67u2hkSPKTyKpWnEpHhYWO,CQACAgQAAx0Eb86Z0AACAgABZBYo4Voyt4Lz_T9JZP1tY70hh8EAApYQAALgVrBQ3eUXeXf6kxkvBA
2023/03/18-21:11:15,1J0jZwa6Wg8EQaqpSPB16x,CQACAgQAAx0Eb86Z0AACAgFkFijzYzJST6Il5d8m7IMF_LoGCwAClxAAAuBWsFDmNKPTjwTVDy8E
2023/03/18-21:11:33,3nIc4GrbvKXc0M7MwObq9c,CQACAgQAAx0Eb86Z0AACAgJkFikEhhYFdbAuA4kiuGQKhbrt0QACmBAAAuBWsFBHZLeUI-_27i8E
2023/03/18-21:11:52,7ddxMpUel8jS2mUuegnhfC,CQACAgQAAx0Eb86Z0AACAgNkFikYe2hBjpR6xttypCbpi9IHYQACmRAAAuBWsFB2GdxHfhvF4y8E
2023/03/18-21:12:09,3MPJtSUzQpFn64gqQQwlgz,CQACAgQAAx0Eb86Z0AACAgRkFikomEe6Nwx5ixH4ZmuYI4wbNAACmhAAAuBWsFDaBed4tR3WXC8E
2023/03/18-21:12:26,1rCKzLoPGXiOfxqPjVkcl3,CQACAgQAAx0Eb86Z0AACAgVkFik6cM-kHlRdwiq4VW2u12HyCgACmxAAAuBWsFB5C6nx7Cqoui8E
2023/03/18-21:12:47,4QpC3gb43bRmWmcOQVvwjV,CQACAgQAAx0Eb86Z0AACAgZkFilObhw6whzywsCbNo23YO61pQACnRAAAuBWsFA8DAk2s4NzVC8E
2023/03/18-21:13:07,6mYQ6Sm3tkYoz6CzutEkSm,CQACAgQAAx0Eb86Z0AACAgdkFiljj8P_JqXRfGHBP6i5L8qe1QACnhAAAuBWsFBKI5qA1cvoHS8E
2023/03/18-21:13:24,1VHVRcsVxgMfJLkkbfFNjj,CQACAgQAAx0Eb86Z0AACAghkFil0pAH3YhyqLLBoslWoy-6HagACoBAAAuBWsFD6YqidQLWJqC8E
2023/03/18-21:13:43,2BLxu6HN5qZUB5M25zNvRm,CQACAgQAAx0Eb86Z0AACAglkFimGyRk45T7QRSkOd4btuj4mGwACoRAAAuBWsFBJd1_LpfJ8AAEvBA
2023/03/18-21:14:01,7naQN2rKMnye6uuzV2L0wh,CQACAgQAAx0Eb86Z0AACAgpkFimYOXVZoUCeStM8ZzzPDznqUgACoxAAAuBWsFCqYsbluFVR8i8E
2023/03/18-21:14:20,5pSsTNmq2WKFqa93HI2Ztb,CQACAgQAAx0Eb86Z0AACAgtkFimrT9IB5Vrhg606ojRn180eiAACpBAAAuBWsFAOMoXIwxNn2C8E
2023/03/19-11:29:28,6AQbmUe0Qwf5PZnt4HmTXv,CQACAgQAAx0Eb86Z0AACAgxkFvIY9KkPrCcQ-Zdun26a9ogTIQAC-xIAAkiIsFDDBuDaXDWojC8E
2023/03/19-11:29:44,6UN73IYd0hZxLi8wFPMQij,CQACAgQAAx0Eb86Z0AACAg1kFvIoa7M1HuM3SQMTn5-I7gABP-cAAvwSAAJIiLBQV9n3zXXSdgsvBA
2023/03/19-11:30:03,22I3h5AOENlH4CqXJsEbFR,CQACAgQAAx0Eb86Z0AACAg5kFvI6OclP7ZPHr-qOHJeY8fZ29gAC_RIAAkiIsFCBVBKo3ng90S8E
2023/03/19-11:30:20,78Sw5GDo6AlGwTwanjXbGh,CQACAgQAAx0Eb86Z0AACAg9kFvJLQVL97aMb9Ae0Uh_Wu1u0agAC_hIAAkiIsFBPsBGISjO7Iy8E
2023/03/19-11:30:37,2IlT65thKQQw248mhk2PjQ,CQACAgQAAx0Eb86Z0AACAhBkFvJdRxko3O2Zr6KLr-4515MgSAAC_xIAAkiIsFC1I9nxQT3M4i8E
2023/03/19-11:30:57,0JXXNGljqupsJaZsgSbMZV,CQACAgQAAx0Eb86Z0AACAhFkFvJwJsznT9nJSPHJPsQIO2Q3nwADEwACSIiwUII77v5pH_jzLwQ
2023/03/19-11:31:13,3OHfY25tqY28d16oZczHc8,CQACAgQAAx0Eb86Z0AACAhJkFvKBlXQIY2UmSq5_li-LlDUXcQACARMAAkiIsFBHQhSaPvf3ES8E
2023/03/19-11:31:27,3RKjTYlQrtLXCq5ncswBPp,CQACAgQAAx0Eb86Z0AACAhNkFvKPw6h07doBqkaPesDkdLkGhAACAhMAAkiIsFDCfDj7bmA90i8E
2023/03/19-11:31:46,5Z2MiIZ5I3jJvvmeWMLbOQ,CQACAgQAAx0Eb86Z0AACAhRkFvKiCcO08jbU8KlM5PTBmuW55wACAxMAAkiIsFApbLyov5KKvi8E
2023/03/19-11:32:03,6maTPqynTmrkWIralgGaoP,CQACAgQAAx0Eb86Z0AACAhVkFvKyC26uj3LnTV6gwLRobxMeHwACBBMAAkiIsFALMTzhWMehFS8E
2023/03/19-11:32:19,1Y3LN4zO1Edc2EluIoSPJN,CQACAgQAAx0Eb86Z0AACAhZkFvLDu7i89HYR8MmRs3pHuhZLcAACBRMAAkiIsFAavhnaLSSqBy8E
2023/03/19-11:32:40,1cKHdTo9u0ZymJdPGSh6nq,CQACAgQAAx0Eb86Z0AACAhdkFvLXoG7GwvHvK4-3nJtT6Q83PwACBhMAAkiIsFBKC7rsTUChmS8E
2023/03/19-11:32:55,7oLKoGzQVwjZ91AzCn560T,CQACAgQAAx0Eb86Z0AACAhhkFvLmHTMYc47Kt0I4JJHE__SVEQACBxMAAkiIsFCVyNGIMS2bLC8E
2023/03/19-11:33:13,5odlY52u43F5BjByhxg7wg,CQACAgQAAx0Eb86Z0AACAhlkFvL433KtrcZHLO5tAhcLZazoiwACCBMAAkiIsFBTgipTxfq06C8E
2023/03/19-11:33:30,2L9N0zZnd37dwF0clgxMGI,CQACAgQAAx0Eb86Z0AACAhpkFvMJnWkeQap6vwl30Ua0jI6QZgACCRMAAkiIsFBC7JFPjwbScC8E
2023/03/19-11:33:49,0yLdNVWF3Srea0uzk55zFn,CQACAgQAAx0Eb86Z0AACAhtkFvMcDrzu6rAX0tzWMsAY6VoM-QACChMAAkiIsFCZ-RjFp88ztS8E
2023/03/19-11:34:05,0FA4wrjDJvJTTU8AepZTup,CQACAgQAAx0Eb86Z0AACAhxkFvMsP2JDCsGv2NwlSEq-pp2efgACCxMAAkiIsFDxJsvcBT0dTy8E
2023/03/19-11:34:24,5CM4UuQ9Gnd6K2YyKGPMoK,CQACAgQAAx0Eb86Z0AACAh1kFvM_XDjMuo320ANfZCsrOIXZyAACDBMAAkiIsFDl7Vn7qP4faS8E
2023/03/19-11:34:40,37vVp2sWHuuIBOSl1NswP6,CQACAgQAAx0Eb86Z0AACAh5kFvNPSnwAAXWOY41f_IGj5Xt7m8EAAg0TAAJIiLBQeY6IjnaINZ8vBA
2023/03/19-11:34:58,7DbdUf8aHSYoliSjO6LZv6,CQACAgQAAx0Eb86Z0AACAh9kFvNh8IH96nANZ-aGNNMIM2M1xgACDhMAAkiIsFBGPN6TKPCpQy8E
2023/03/19-11:35:15,50x1Ic8CaXkYNvjmxe3WXy,CQACAgQAAx0Eb86Z0AACAiBkFvNydenXWoAxqwxZGXIZw1BlnwACDxMAAkiIsFDbZ3pIv_WM6y8E
2023/03/19-11:35:30,4h9wh7iOZ0GGn8QVp4RAOB,CQACAgQAAx0Eb86Z0AACAiFkFvOCb4PjZuoSv85uZ3PvmmaIrgACEBMAAkiIsFDeFsNcHUWMni8E
2023/03/19-11:35:50,2Ch7LmS7r2Gy2kc64wv3Bz,CQACAgQAAx0Eb86Z0AACAiJkFvOVUqBs2IAOVfomtn_iWOW_ZwACERMAAkiIsFBAXKboCiTllS8E
2023/03/19-11:36:09,73vIOb4Q7YN6HeJTbscRx5,CQACAgQAAx0Eb86Z0AACAiNkFvOotM88mYCu8YVLnrxg0l7tnwACEhMAAkiIsFAGm8b68Ntu5i8E
2023/03/19-11:36:25,0yUaLqhsVsguBpoOPL4cO7,CQACAgQAAx0Eb86Z0AACAiRkFvO4ezbLQCCPKVTbI-ymKzcxFAACExMAAkiIsFDwbIYUPS1_dy8E
2023/03/19-11:36:41,3hxIUxnT27p5WcmjGUXNwx,CQACAgQAAx0Eb86Z0AACAiVkFvPI5znPD5s1Bj4-SbJCwRo0FAACFBMAAkiIsFC__aBVPIJPty8E
2023/03/19-11:36:59,6dBUzqjtbnIa1TwYbyw5CM,CQACAgQAAx0Eb86Z0AACAiZkFvPaMLJrxoq-f9xViBLYpoGIcwACFRMAAkiIsFAX7lHMzBSD3i8E
2023/03/19-11:37:19,5IgjP7X4th6nMNDh4akUHb,CQACAgQAAx0Eb86Z0AACAidkFvPu6Kl9qJxjzrf6uNG3RQ8gzgACFhMAAkiIsFBww6RrbCESVy8E
2023/03/19-11:37:38,4iZ4pt7kvcaH6Yo8UoZ4s2,CQACAgQAAx0Eb86Z0AACAihkFvQCgmKwY0gX9AABqxAknTAGcv0AAhcTAAJIiLBQpneqFOrjqT4vBA
2023/03/19-11:38:00,561jH07mF1jHuk7KlaeF0s,CQACAgQAAx0Eb86Z0AACAilkFvQX4MPvZa4mDUFOqIBsjNCXYAACGBMAAkiIsFCnT95vFYHxli8E
2023/03/19-11:38:20,48CKzGWOC65n8a8kdANJV8,CQACAgQAAx0Eb86Z0AACAipkFvQrQW_AJgABHl0xHtc6XwOlhAcAAhkTAAJIiLBQMEmqL5Z6L80vBA
2023/03/19-11:38:48,2QjOHCTQ1Jl3zawyYOpxh6,CQACAgQAAx0Eb86Z0AACAitkFvRH3entngVffDLhZSOdwK0C7gACGhMAAkiIsFDL8lYE_s2lcS8E
2023/03/19-11:39:03,6qyS9qBy0mEk3qYaH8mPss,CQACAgQAAx0Eb86Z0AACAixkFvRWl-uqhgAB2ORwaPKlzyA4WWwAAhsTAAJIiLBQbVNmQ3XC_OcvBA
2023/03/19-11:39:21,11BKm0j4eYoCPPpCONAVwA,CQACAgQAAx0Eb86Z0AACAi1kFvRpOIveLzA-aKbWF7Y0ptWZMwACHBMAAkiIsFDejAI1x1_iMi8E
2023/03/19-11:39:42,1xzi1Jcr7mEi9K2RfzLOqS,CQACAgQAAx0Eb86Z0AACAi5kFvR93oBGCWZ3vMA3hKIxi_Y1NgACHRMAAkiIsFCDycBvhmPWRi8E
2023/03/19-11:39:56,2cSdAkzAf2T4j4aLvx4LLz,CQACAgQAAx0Eb86Z0AACAi9kFvSMsdcIFf32AAHW3j1da1HGjPkAAh4TAAJIiLBQwzxCtiQ85-4vBA
2023/03/19-11:40:18,4C6Uex2ILwJi9sZXRdmqXp,CQACAgQAAx0Eb86Z0AACAjBkFvShXWQSIl9P8pQ4uuhJmzFJAAMfEwACSIiwUDlhf7_mYIXCLwQ
2023/03/19-11:40:34,4pV6Kx1T9L49PBFwH1g8ca,CQACAgQAAx0Eb86Z0AACAjFkFvSytijHkUf_dNNSb5eJabO6MgACIBMAAkiIsFBQHhTpU79E2y8E
2023/03/19-11:40:52,27ZZdyTSQWI7Cug2d2PkqV,CQACAgQAAx0Eb86Z0AACAjJkFvTEhhlv5E887bH1Xrk45cEfYAACIRMAAkiIsFBbbslbh4mWNy8E
2023/03/19-11:41:08,3nqQXoyQOWXiESFLlDF1hG,CQACAgQAAx0Eb86Z0AACAjNkFvTTA9YoQpUrb1CGQyRzJUkF7AACIhMAAkiIsFD_Lh90uol7RC8E
2023/03/19-11:41:23,1xK59OXxi2TAAAbmZK0kBL,CQACAgQAAx0Eb86Z0AACAjRkFvTi0-HrAAF6qa-TzX1j1qbFRZ0AAiMTAAJIiLBQXv8NoRfIvjkvBA
2023/03/19-11:41:41,0l0CvurVUrr2w3Jj1hOVFc,CQACAgQAAx0Eb86Z0AACAjVkFvT0r5MEfPCdZddvwsJL1YSHEgACJBMAAkiIsFAsXO7mDYnoYC8E
2023/03/19-11:41:59,65FftemJ1DbbZ45DUfHJXE,CQACAgQAAx0Eb86Z0AACAjZkFvUGp7ZokmQ5xkVyKK9eTCtOhAACJRMAAkiIsFAsIoVDXfY61C8E
2023/03/19-11:42:16,0QHEIqNKsMoOY5urbzN48u,CQACAgQAAx0Eb86Z0AACAjdkFvUXUhB4-RKaDWNy3Y6x00KJmQACJhMAAkiIsFAqSlXj7W3hgi8E
2023/03/19-11:42:36,4uUG5RXrOk84mYEfFvj3cK,CQACAgQAAx0Eb86Z0AACAjhkFvUr6x1QL8b5FPtEvqfEBxKfeQACJxMAAkiIsFDl-EVnKoL3iC8E
2023/03/19-11:42:52,1xs8bOvm3IzEYmcLJVOc34,CQACAgQAAx0Eb86Z0AACAjlkFvU8BIeb8sXk8c_W8xVHUcUn8QACKBMAAkiIsFBKSQABk7nqi9svBA
2023/03/19-11:43:10,2kSb3wYSOV996xA2NSmpck,CQACAgQAAx0Eb86Z0AACAjpkFvVN1uvhJFp4wxjArWzWTrknWAACKRMAAkiIsFCvUQczhO_Upi8E
2023/03/19-11:43:29,0VgkVdmE4gld66l8iyGjgx,CQACAgQAAx0Eb86Z0AACAjtkFvVhdnL_GXixh4hLOGsoWnKt9wACKhMAAkiIsFD_TzCbuwO7qS8E
2023/03/19-11:43:49,5xwBIieMMFUmLDgvG4DjFe,CQACAgQAAx0Eb86Z0AACAjxkFvV12xBBsISkLGxcGjx1xZV63QACLBMAAkiIsFAdFk1AA6aTmy8E
2023/03/19-11:44:06,3iBgrkexCzVuPy4O9vx7Mf,CQACAgQAAx0Eb86Z0AACAj1kFvWFk_rp1M3KLLJxgPDVPp6U-wACLRMAAkiIsFAWpo7fV9Gy9S8E
2023/03/19-11:44:24,0V3wPSX9ygBnCm8psDIegu,CQACAgQAAx0Eb86Z0AACAj5kFvWXpwgiBxLIk_b2fRjfvdT_1gACLhMAAkiIsFChGJ0ZM4v3ny8E
2023/03/19-11:44:39,4FyesJzVpA39hbYvcseO2d,CQACAgQAAx0Eb86Z0AACAj9kFvWnEHA1SUp-lHf2-xVOEcwZOgACLxMAAkiIsFBxNuel2KQy0i8E
2023/03/19-11:44:56,26b3oVLrRUaaybJulow9kz,CQACAgQAAx0Eb86Z0AACAkBkFvW3lYmaXlT22r8mwOyW202N-gACMBMAAkiIsFAUUhdBPcyyyy8E
2023/03/19-11:45:13,7ef4DlsgrMEH11cDZd32M6,CQACAgQAAx0Eb86Z0AACAkFkFvXJ3ZvgEOu0B092VArXY_ohLAACMRMAAkiIsFBuSO24od2ECC8E
2023/03/19-11:45:32,2aI21FnmY7TJVKeMaoQZ0t,CQACAgQAAx0Eb86Z0AACAkJkFvXbNl5TXDXtZk3gqBMN78pPowACMhMAAkiIsFAf1t55EgABW54vBA
2023/03/19-11:45:49,37F7E7BKEw2E4O2L7u0IEp,CQACAgQAAx0Eb86Z0AACAkNkFvXs8019__RcaPvU8IX7DHPAogACMxMAAkiIsFDIJkcW4XwI6C8E
2023/03/19-11:46:08,1Fid2jjqsHViMX6xNH70hE,CQACAgQAAx0Eb86Z0AACAkRkFvX_LuE_BTi6wqJfF72Fev2qfAACNBMAAkiIsFD-d5rG9dkoBi8E
2023/03/19-11:46:24,4h4QlmocP3IuwYEj2j14p8,CQACAgQAAx0Eb86Z0AACAkVkFvYQegGmKvKrH8k0Ywxt7foruAACNRMAAkiIsFCt95pH2vETuS8E
2023/03/19-11:46:40,1QxTmNDHFmgaxgAolqqgAD,CQACAgQAAx0Eb86Z0AACAkZkFvYfTTfiraWrhZEAAVnF5zbAGhEAAjYTAAJIiLBQWspmnjZyfMYvBA
2023/03/19-11:46:56,76OGwb5RA9h4FxQPT33ekc,CQACAgQAAx0Eb86Z0AACAkdkFvYwGwTvXtTy1G0j7noZpiuyXwACNxMAAkiIsFAJTWQf2HQOVi8E
2023/03/19-11:47:15,1bDbXMyjaUIooNwFE9wn0N,CQACAgQAAx0Eb86Z0AACAkhkFvZCSF2If-oYNSEnJPpJ7uCGdgACOBMAAkiIsFA5c3AreRNz5y8E
2023/03/19-11:47:30,3LtpKP5abr2qqjunvjlX5i,CQACAgQAAx0Eb86Z0AACAklkFvZRAXuc0Ao32E2-r56kZ9PsFQACORMAAkiIsFCqibHo6I6ELi8E
2023/03/19-11:47:47,34ZAzO78a5DAVNrYIGWcPm,CQACAgQAAx0Eb86Z0AACAkpkFvZjjZ7BkA9Yf6koYovrsD8CHAACOhMAAkiIsFANRW-M-A3NMi8E
2023/03/19-11:48:06,4yAofTZhl3MdElTqO33oi5,CQACAgQAAx0Eb86Z0AACAktkFvZ16k-jYIJ7hpRzKL3I9eldwQACOxMAAkiIsFDlX1k0dWQgAAEvBA
2023/03/19-11:48:21,1N8TTK1Uoy7UvQNUazfUt5,CQACAgQAAx0Eb86Z0AACAkxkFvaFwRJkAAHvhd3EF_vV5B_ioBEAAjwTAAJIiLBQftdo6ut1AoIvBA
2023/03/19-11:48:37,0hquQWY3xvYqN4qtiquniF,CQACAgQAAx0Eb86Z0AACAk1kFvaU8msfwrnYc7G7CbyzF50JeQACPRMAAkiIsFDRHtXVMtDpgy8E
2023/03/19-11:49:04,6Qyc6fS4DsZjB2mRW9DsQs,CQACAgQAAx0Eb86Z0AACAk5kFvavQdTc3G8mNpf9eWtaFmm_PwACPhMAAkiIsFDmvshpXI5NkC8E
2023/03/19-11:49:19,4cacyP5c3PMlfnyjpg13xW,CQACAgQAAx0Eb86Z0AACAk9kFva-Axtmn1r7dzZ-zw0O9K3kLQACPxMAAkiIsFAK6A4H6X3E5S8E
2023/03/19-11:49:39,1yvMUkIOTeUNtNWlWRgANS,CQACAgQAAx0Eb86Z0AACAlBkFvbSu_fnZl-ZoQerUfYYUoyCMAACQBMAAkiIsFAQhx6gAnYpiS8E
2023/03/19-11:49:57,6xGruZOHLs39ZbVccQTuPZ,CQACAgQAAx0Eb86Z0AACAlFkFvbkpwMj2iTldEsCa5ShSQtpnwACQRMAAkiIsFBXEJe1bE2WlS8E
2023/03/19-11:50:18,3JvKfv6T31zO0ini8iNItO,CQACAgQAAx0Eb86Z0AACAlJkFvb58dFRdIQ2UixFc2EHy7anKwACQhMAAkiIsFD52bZgvOKB2i8E
2023/03/19-11:50:37,39JofJHEtg8I4fSyo7Imft,CQACAgQAAx0Eb86Z0AACAlNkFvcMvFuerEWi3EwWu-1CO-1MQwACQxMAAkiIsFAEOns8M3jVzS8E
2023/03/19-11:50:55,3Z0qLOS0cqWKPHXkbTXmNF,CQACAgQAAx0Eb86Z0AACAlRkFvce-IV4Iu2qRxt0kffyIM0VNAACRBMAAkiIsFBmE48KOfojji8E
2023/03/19-11:51:13,0o9zmvc5f3EFApU52PPIyW,CQACAgQAAx0Eb86Z0AACAlVkFvcwiKQ5GWfwaFdO29mdFcirhgACRRMAAkiIsFCbDQ34qz7dXi8E
2023/03/19-11:51:41,25FTMokYEbEWHEdss5JLZS,CQACAgQAAx0Eb86Z0AACAlZkFvdME5DhJGUHW7_A_-y8MARavgACRhMAAkiIsFAx0IsFxgdpzC8E
2023/03/19-11:52:01,4LRPiXqCikLlN15c3yImP7,CQACAgQAAx0Eb86Z0AACAldkFvdgDzBDEAGtB-VR5PP70hgGawACRxMAAkiIsFCEfbys2D3Mmy8E
2023/03/19-11:52:21,0VjIjW4GlUZAMYd2vXMi3b,CQACAgQAAx0Eb86Z0AACAlhkFvd08xo7EKhRYUleVoKs3R8XnAACSBMAAkiIsFCFlBwKFpVa3C8E
2023/03/19-11:52:42,3AJwUDP919kvQ9QcozQPxg,CQACAgQAAx0Eb86Z0AACAllkFveJT9lgaBVt0zIFf_ymw8gjxgACShMAAkiIsFD6B6AZbS6E8i8E
2023/03/19-11:52:59,6UelLqGlWMcVH1E5c4H7lY,CQACAgQAAx0Eb86Z0AACAlpkFveb8HldBIXPg_GuA6ePXJfD7AACSxMAAkiIsFB5xtrgo6AXQi8E
2023/03/19-11:53:25,7qEHsqek33rTcFNT9PFqLf,CQACAgQAAx0Eb86Z0AACAltkFve0WNdYWC1uZKnGgKZGJ6pNcgACTBMAAkiIsFDMGS2VW48Dry8E
2023/03/19-11:53:50,0pqnGHJpmpxLKifKRmU6WP,CQACAgQAAx0Eb86Z0AACAlxkFvfNXwcVnRt-cY8cVlYRAmpzBAACTRMAAkiIsFAw23PA1M9jFC8E
2023/03/19-11:54:11,4xqrdfXkTW4T0RauPLv3WA,CQACAgQAAx0Eb86Z0AACAl1kFvfi5KRNCcrRYEU8hK80fcPnEgACThMAAkiIsFBa4v1Jvt9HgS8E
2023/03/19-11:54:30,5oO3drDxtziYU2H1X23ZIp,CQACAgQAAx0Eb86Z0AACAl5kFvf1eRMetgxiAac5FpVwsWyxRQACTxMAAkiIsFCIs7E65NABXS8E
2023/03/19-11:54:48,50nfwKoDiSYg8zOCREWAm5,CQACAgQAAx0Eb86Z0AACAl9kFvgIOatxpTGr0jEm3YwT246gPQACURMAAkiIsFBRXMJ5u7ZGHi8E
2023/03/19-11:55:10,3w3y8KPTfNeOKPiqUTakBh,CQACAgQAAx0Eb86Z0AACAmBkFvgd2On-occZq0EnUizkTqPELgACUxMAAkiIsFCsopuGB2dB2C8E
2023/03/19-11:55:40,4RvWPyQ5RL0ao9LPZeSouE,CQACAgQAAx0Eb86Z0AACAmFkFvg8W-MTfA0PGbU9q_oVHC9GUwACVBMAAkiIsFCLnL1oHxpUXC8E
2023/03/19-11:55:56,5HCyWlXZPP0y6Gqq8TgA20,CQACAgQAAx0Eb86Z0AACAmJkFvhLJJjGHwcEq0uoI0nhZln19gACVRMAAkiIsFCm76ykjJKxgi8E
2023/03/19-11:56:17,5uCax9HTNlzGybIStD3vDh,CQACAgQAAx0Eb86Z0AACAmNkFvhg6dkhzrQJUzy-TMBK15ig_gACVhMAAkiIsFDXGuA0STzaSy8E
2023/03/19-11:56:34,0T5iIrXA4p5GsubkhuBIKV,CQACAgQAAx0Eb86Z0AACAmRkFvhy2qYAAYu8DkB5IEEQAWpLOlEAAlcTAAJIiLBQiQ3cum-IrDEvBA
2023/03/19-11:56:51,58HvfVOeJY7lUuCqF0m3ly,CQACAgQAAx0Eb86Z0AACAmVkFviCvk4Zd7ZPy_zxH8cetrRg-gACWBMAAkiIsFBVU4yU0vaIvS8E
2023/03/19-11:57:10,6Uj1ctrBOjOas8xZXGqKk4,CQACAgQAAx0Eb86Z0AACAmZkFviVVcAzdYqi_WGGRGJlbmoN3wACWRMAAkiIsFDPyNnrZH-Q9C8E
2023/03/19-11:57:33,7795WJLVKJoAyVoOtCWqXN,CQACAgQAAx0Eb86Z0AACAmdkFvitx3y9h2MPyVu0og0R3HdEagACWhMAAkiIsFDCTauPjlDMvC8E
2023/03/19-11:57:55,7qiZfU4dY1lWllzX7mPBI3,CQACAgQAAx0Eb86Z0AACAmhkFvjDI5mDhf2xO92NaQ9d4nM5PAACWxMAAkiIsFDTZEhMWs3W2S8E
2023/03/19-11:58:20,21jGcNKet2qwijlDFuPiPb,CQACAgQAAx0Eb86Z0AACAmlkFvjb7G5EbxIctSICP8aj7V1BFAACXBMAAkiIsFBGZCv1M7p_4i8E
2023/03/19-11:58:40,0nrRP2bk19rLc0orkWPQk2,CQACAgQAAx0Eb86Z0AACAmpkFvjvOsV9905NPD7TUr0_qYmL1wACXRMAAkiIsFBP6pdDsYObBC8E
2023/03/19-11:59:06,1zi7xx7UVEFkmKfv06H8x0,CQACAgQAAx0Eb86Z0AACAmtkFvkJWUkGupxA-IRK_3GcqwhS0AACXhMAAkiIsFB-mC0u3TPxBS8E
2023/03/19-11:59:21,5ildQOEKmJuWGl2vRkFdYc,CQACAgQAAx0Eb86Z0AACAmxkFvkZRhUturRKzJOVApWK-TlpAQACXxMAAkiIsFBbEx6sWUnGfC8E
2023/03/19-11:59:44,4ZtFanR9U6ndgddUvNcjcG,CQACAgQAAx0Eb86Z0AACAm1kFvkwurr3wx2fmliv-Ja-VPaYqQACYBMAAkiIsFCAjTtCSh51JC8E
2023/03/19-12:00:04,49FYlytm3dAAraYgpoJZux,CQACAgQAAx0Eb86Z0AACAm5kFvlEdRXGHm8IkXHatkTO9GZI2gACYRMAAkiIsFCl7_IHgz8Pwi8E
2023/03/19-12:00:22,6zSpb8dQRaw0M1dK8PBwQz,CQACAgQAAx0Eb86Z0AACAm9kFvlVJxhizLGV05VJFmkVzKvYuwACYhMAAkiIsFA1YwfAPFfSni8E
2023/03/19-12:00:40,3rmo8F54jFF8OgYsqTxm5d,CQACAgQAAx0Eb86Z0AACAnBkFvln59GjZIh4ml_kCg5HaMWkQQACYxMAAkiIsFAfscUQsCGZ9S8E
2023/03/19-12:01:01,4cktbXiXOapiLBMprHFErI,CQACAgQAAx0Eb86Z0AACAnFkFvl8MLeR5W51mbOZB1KsRcTvIwACZBMAAkiIsFBDEF4vMRfpTS8E
2023/03/19-12:01:28,02MWAaffLxlfxAUY7c5dvx,CQACAgQAAx0Eb86Z0AACAnJkFvmXfOXfhBeFJv91VW4XkyIvggACZRMAAkiIsFB93zLXLwlYMC8E
2023/03/19-12:01:48,3ZFTkvIE7kyPt6Nu3PEa7V,CQACAgQAAx0Eb86Z0AACAnNkFvmrMPFAFI6KLrfMVSZDKSeJzwACZxMAAkiIsFCXpbFQ1IHpZy8E
2023/03/19-12:02:07,003vvx7Niy0yvhvHt4a68B,CQACAgQAAx0Eb86Z0AACAnRkFvm-R-z7ecW9UYJ4dsALXwZpZwACaBMAAkiIsFA6XPk3BJOjHi8E
2023/03/19-12:02:38,5wANPM4fQCJwkGd4rN57mH,CQACAgQAAx0Eb86Z0AACAnVkFvndRR_zjE7w7iCdame0OUfflwACaRMAAkiIsFB5C2C2lUpiKy8E
2023/03/19-12:03:07,3U4isOIWM3VvDubwSI3y7a,CQACAgQAAx0Eb86Z0AACAnZkFvn7_lknsUf-IW-K5UWPaEDo4gACahMAAkiIsFAQsw-kIZPeFy8E
2023/03/19-12:03:25,3jjujdWJ72nww5eGnfs2E7,CQACAgQAAx0Eb86Z0AACAndkFvoNpQU8AAHoqnPi6PO2uxnh_KkAAmsTAAJIiLBQBtd_xE6B3ksvBA
2023/03/19-12:03:54,70LcF31zb1H0PyJoS1Sx1r,CQACAgQAAx0Eb86Z0AACAnhkFvop72iOUTjs5JaPugxQ9z_dgAACbBMAAkiIsFCIL0heKD4bvS8E
2023/03/19-12:04:12,1zB4vmk8tFRmM9UULNzbLB,CQACAgQAAx0Eb86Z0AACAnlkFvo70Zk6qErRW7xlooSgU4ud9AACbRMAAkiIsFCDlPYPBPWFES8E
2023/03/19-12:04:30,6ocbgoVGwYJhOv1GgI9NsF,CQACAgQAAx0Eb86Z0AACAnpkFvpOW941JrOupZtA8x0VuvTuqgACbhMAAkiIsFC05vbP06YuNi8E
2023/03/19-12:04:47,3QGsuHI8jO1Rx4JWLUh9jd,CQACAgQAAx0Eb86Z0AACAntkFvpfZNTCAkGhB4gzAAGCPYZZIM0AAm8TAAJIiLBQRyLIWZQU_JYvBA
2023/03/19-12:05:14,6RUKPb4LETWmmr3iAEQktW,CQACAgQAAx0Eb86Z0AACAnxkFvp5haKWAtzmTgn9tMIkJQnHzQACcBMAAkiIsFA5K36s9bIAARIvBA
2023/03/19-12:05:31,2qxmye6gAegTMjLKEBoR3d,CQACAgQAAx0Eb86Z0AACAn1kFvqLgRL1xzCuhVlWk4LH7cKKmAACcRMAAkiIsFB-eGJ9RJJd0y8E
2023/03/19-12:05:51,2VxeLyX666F8uXCJ0dZF8B,CQACAgQAAx0Eb86Z0AACAn5kFvqf3nfJ4khWS879fOxb2ZQ2wgACchMAAkiIsFBKglRL8zabKy8E
2023/03/19-12:06:09,0e7ipj03S05BNilyu5bRzt,CQACAgQAAx0Eb86Z0AACAn9kFvqwUXwmDDxqYCiJKxe4FPHgygACcxMAAkiIsFBuJhCgs2vZgC8E
2023/03/19-12:06:29,4cluDES4hQEUhmXj6TXkSo,CQACAgQAAx0Eb86Z0AACAoBkFvrEJUYqn_MeX0XNxxWHsVlrzgACdBMAAkiIsFDaXMi6fzYmLC8E
2023/03/19-12:07:00,50kpGaPAhYJ3sGmk6vplg0,CQACAgQAAx0Eb86Z0AACAoFkFvrjGR1GlU7QxA78Tba8aS_P0gACdRMAAkiIsFBiI_RTFVabKC8E
2023/03/19-12:07:26,0gplL1WMoJ6iYaPgMCL0gX,CQACAgQAAx0Eb86Z0AACAoJkFvr-aeR7sORQrkMvyCa8X88M4AACdhMAAkiIsFDJTlOYld43sS8E
2023/03/19-12:07:55,5Nm9ERjJZ5oyfXZTECKmRt,CQACAgQAAx0Eb86Z0AACAoNkFvsa7TQ3iC3x2ZuBCvLC7nkeSQACeBMAAkiIsFDNXU5tci7SQC8E
2023/03/19-12:08:21,0KKkJNfGyhkQ5aFogxQAPU,CQACAgQAAx0Eb86Z0AACAoRkFvs1RpyKwZZYGbiJSTasTmlZwwACeRMAAkiIsFDn-pmmM-y1rS8E
2023/03/19-12:08:52,3dPQuX8Gs42Y7b454ybpMR,CQACAgQAAx0Eb86Z0AACAoVkFvtT9r3aXw4DiB8AAbspQgPSXQgAAnoTAAJIiLBQjZIPWXGTVmUvBA
2023/03/19-12:09:09,7BKLCZ1jbUBVqRi2FVlTVw,CQACAgQAAx0Eb86Z0AACAoZkFvtlt6LLW-eOPUJ87Sk6PcHbNgACexMAAkiIsFDv9Wv3HoWC4S8E
2023/03/19-12:09:33,62ke5zFUJN6RvtXZgVH0F8,CQACAgQAAx0Eb86Z0AACAodkFvt8I9Nahg-tqLYoLSmrD4etMQACfBMAAkiIsFAfY-BjripUly8E
2023/03/19-12:09:53,4fouWK6XVHhzl78KzQ1UjL,CQACAgQAAx0Eb86Z0AACAohkFvuQUPAJSVbDruAgNe7KwOkITAACfRMAAkiIsFBtmJIjvWaRpy8E
2023/03/19-12:10:27,1PckUlxKqWQs3RlWXVBLw3,CQACAgQAAx0Eb86Z0AACAolkFvuyMqFLncSruHwEBYw7J6UOAgACfhMAAkiIsFA5PQwB1W1jAi8E
2023/03/19-12:10:48,31AOj9sFz2gM0O3hMARRBx,CQACAgQAAx0Eb86Z0AACAopkFvvIhvOb6AyvG5sMtim2QPyt9gACfxMAAkiIsFCZu471gA1b0i8E
2023/03/19-12:11:07,1ZMiCix7XSAbfAJlEZWMCp,CQACAgQAAx0Eb86Z0AACAotkFvva9GekZkqCe0R4fojfTENXowACgBMAAkiIsFB2GTab3MqaMi8E
2023/03/19-12:11:31,2ENexcMEMsYk0rVJigVD3i,CQACAgQAAx0Eb86Z0AACAoxkFvvy8n1HMi7MkmRyKDIHx47mywACgRMAAkiIsFBvAAGDSqWlbNkvBA
2023/03/19-12:12:04,2374M0fQpWi3dLnB54qaLX,CQACAgQAAx0Eb86Z0AACAo1kFvwTheFaOCXoIZ1kAayEJK7ohAACghMAAkiIsFBQogMWqn3M2C8E
2023/03/19-12:12:22,2gam98EZKrF9XuOkU13ApN,CQACAgQAAx0Eb86Z0AACAo5kFvwmCqeTA_B79sxjoZ0mimG1MQACgxMAAkiIsFD7SAYaDQ9qAS8E
2023/03/19-12:12:44,3FeVmId7tL5YN8B7R3imoM,CQACAgQAAx0Eb86Z0AACAo9kFvw8p8jy6zbr3uo_jr42t-eOQwAChBMAAkiIsFBb_G9ahQ6L5S8E
2023/03/19-12:13:03,5uSFGgIfHMT3osrAd9n9ym,CQACAgQAAx0Eb86Z0AACApBkFvxOJ2tpglLdAcSD6at096A6MgAChhMAAkiIsFBSTJAjqLSiVS8E
2023/03/19-12:13:21,7xoUc6faLbCqZO6fQEYprd,CQACAgQAAx0Eb86Z0AACApFkFvxgLhKO9SWlgp5wf212jySz_QAChxMAAkiIsFBpmFcThRj5Di8E
2023/03/19-12:13:40,22VdIZQfgXJea34mQxlt81,CQACAgQAAx0Eb86Z0AACApJkFvxzdn1yz5bqi58dj80IVze08wACiBMAAkiIsFCD4PAdMmHu7i8E
2023/03/19-12:13:58,0ofHAoxe9vBkTCp2UQIavz,CQACAgQAAx0Eb86Z0AACApNkFvyFk-c-ndHK6R1ZU2rnFi7y5gACiRMAAkiIsFBfnfj9dxq4TS8E
2023/03/19-12:14:30,0mBP9X2gPCuapvpZ7TGDk3,CQACAgQAAx0Eb86Z0AACApRkFvymu4sHIdv39whSnp23UWozUQACihMAAkiIsFB-1FOMk40m8i8E
2023/03/19-12:14:48,4kbj5MwxO1bq9wjT5g9HaA,CQACAgQAAx0Eb86Z0AACApVkFvy3NrFjAzFX2Z1aZ6VMUcpl7AACixMAAkiIsFBr6ryI4KemwS8E
2023/03/19-12:15:05,0wHFktze2PHC5jDt3B17DC,CQACAgQAAx0Eb86Z0AACApZkFvzIs5CMsTkjkYvCijVrAuVFhwACjBMAAkiIsFAwfO8LiFydvi8E
2023/03/19-12:15:35,0GjEhVFGZW8afUYGChu3Rr,CQACAgQAAx0Eb86Z0AACApdkFvzm6dLYliLPBBUcGEeOgFxy_QACjRMAAkiIsFDU0PB-gHUKYi8E
2023/03/19-12:16:03,7w87IxuO7BDcJ3YUqCyMTT,CQACAgQAAx0Eb86Z0AACAphkFv0CsF8MchVtTDHFrDeWBpuTwQACjhMAAkiIsFDKhdbwqJCuvi8E
2023/03/19-12:16:22,2igwFfvr1OAGX9SKDCPBwO,CQACAgQAAx0Eb86Z0AACAplkFv0W9P_sbAsM3hsyXvJRrwQaUgACjxMAAkiIsFD0loIeuaQqYi8E
2023/03/19-12:16:52,2Fxmhks0bxGSBdJ92vM42m,CQACAgQAAx0Eb86Z0AACAppkFv0zpglPvs1gmjID-GxbZZ2KGQACkBMAAkiIsFBUxpv-Vn56jS8E
2023/03/19-12:17:08,10xV5l9nhLvFpR8mqzs0bL,CQACAgQAAx0Eb86Z0AACAptkFv1D322bFfAnZOo3DvypR8pDSQACkRMAAkiIsFCf6KqdDGRgVi8E
2023/03/19-12:17:26,32OlwWuMpZ6b0aN2RZOeMS,CQACAgQAAx0Eb86Z0AACApxkFv1WImdJw3Iw-V5Z_h8rivOxjQACkhMAAkiIsFCeE1arhQ_pFy8E
2023/03/19-12:17:45,45bE4HXI0AwGZXfZtMp8JR,CQACAgQAAx0Eb86Z0AACAp1kFv1oOckIDiDaAjcYzI_E4k8xLQACkxMAAkiIsFAv797VaAABWmkvBA
2023/03/19-12:18:03,5QDLhrAOJJdNAmCTJ8xMyW,CQACAgQAAx0Eb86Z0AACAp5kFv17HUq7ryVXD1LNZmC4IBuXFAAClBMAAkiIsFCfTnKbKFCy1i8E
2023/03/19-12:18:21,3B54sVLJ402zGa6Xm4YGNe,CQACAgQAAx0Eb86Z0AACAp9kFv2NSRdRwG4XkT2H9XrU62znNwAClRMAAkiIsFBr8zPVeO15mi8E
2023/03/19-12:18:39,3PfIrDoz19wz7qK7tYeu62,CQACAgQAAx0Eb86Z0AACAqBkFv2fEYugsHdqi2F4y402s7CCtgAClhMAAkiIsFBzlwfEmvtBQC8E
2023/03/19-12:19:00,48UPSzbZjgc449aqz8bxox,CQACAgQAAx0Eb86Z0AACAqFkFv20k8uMdp-1dPalgO3rxU73SQAClxMAAkiIsFCXIHKu-OwZWi8E
2023/03/19-12:19:27,09CtPGIpYB4BrO8qb1RGsF,CQACAgQAAx0Eb86Z0AACAqJkFv3OAfMasC2AqmmzBQ-TDI30qwACmBMAAkiIsFDLP48UidP7HC8E
2023/03/19-12:19:57,2vwlzO0Qp8kfEtzTsCXfyE,CQACAgQAAx0Eb86Z0AACAqNkFv3sp_C0p7ymgBcAAR0wWdMckSkAApkTAAJIiLBQKhleSOAtFhkvBA
2023/03/19-12:20:16,3e9HZxeyfWwjeyPAMmWSSQ,CQACAgQAAx0Eb86Z0AACAqRkFv3_sHDjtjKch-KeeEvFTOkkagACmhMAAkiIsFBSyn3-PBXSYi8E
2023/03/19-12:20:42,2dpaYNEQHiRxtZbfNsse99,CQACAgQAAx0Eb86Z0AACAqVkFv4ZjKzplq0cmcnKewNhGRCtxQACmxMAAkiIsFDwBA7Cb_cMKC8E
2023/03/19-12:21:16,6I9VzXrHxO9rA9A5euc8Ak,CQACAgQAAx0Eb86Z0AACAqZkFv47L-9-llqjD0BZjbZB7izOMwACnBMAAkiIsFBTtEJlNcXTyS8E
2023/03/19-12:21:38,4HlFJV71xXKIGcU3kRyttv,CQACAgQAAx0Eb86Z0AACAqdkFv5SuSoEf0Wr75V3p2wM8FJyowACnRMAAkiIsFDs4rmnxk6Puy8E
2023/03/19-12:21:58,0ByMNEPAPpOR5H69DVrTNy,CQACAgQAAx0Eb86Z0AACAqhkFv5mudiSkkLagz9D25mn60v72wACnhMAAkiIsFCPAAF7F9Vg2hQvBA
2023/03/19-12:22:30,0GONea6G2XdnHWjNZd6zt3,CQACAgQAAx0Eb86Z0AACAqlkFv6Fshrr-sZOkkZ8r5cKW9M99gACnxMAAkiIsFCiOaUr61xSdS8E
2023/03/19-12:22:52,0I3q5fE6wg7LIfHGngUTnV,CQACAgQAAx0Eb86Z0AACAqpkFv6cWfwZ1LVpt4UamufvfSmLNQACoBMAAkiIsFAwv0Kzne-zrC8E
2023/03/19-12:23:14,2tUBqZG2AbRi7Q0BIrVrEj,CQACAgQAAx0Eb86Z0AACAqtkFv6yZo1Aab0Ee_zGFi0ZSniUFwACoRMAAkiIsFAiLeUS7aOB-S8E
2023/03/19-12:23:33,1TfqLAPs4K3s2rJMoCokcS,CQACAgQAAx0Eb86Z0AACAqxkFv7F_28ej6p257HYsguvuvK0rwACohMAAkiIsFBreDOlcO9YqC8E
2023/03/19-12:23:52,3ZOEytgrvLwQaqXreDs2Jx,CQACAgQAAx0Eb86Z0AACAq1kFv7X4AAB9yahipr1yWTwRoXL2MAAAqMTAAJIiLBQ9cbQcjCMwlsvBA
2023/03/19-13:17:39,6TkRzXH6PSdOX0LM1PQGCv,CQACAgQAAx0Eb86Z0AACAq5kFwtyvAqB8wyKqkX2lr9Ugg0XNwAC2gwAAkiIuFAnLEXVvbLLEi8E
2023/03/19-13:18:27,60GmRsVonx8fsluADPxroS,CQACAgQAAx0Eb86Z0AACAq9kFwujJCkRVVJOyZ7ikOYj-89O8AAC3AwAAkiIuFBYY_DutDVJgy8E
2023/03/19-19:51:40,5tnQSNGSpjndloVlvX044A,CQACAgQAAx0Eb86Z0AACArBkF2fM7A8HQbHJfKi4Pipq8EPxOQAC8g0AAkiIuFBdcw-UFY5C4y8E
2023/03/19-19:57:16,23Zv0tky1avh2x7vrT4ctf,CQACAgQAAx0Eb86Z0AACArFkF2kbBfLgxQbe5hXJ7yKvdkgxXQAC-g0AAkiIuFBliDbth9wOrC8E
2023/03/20-05:20:47,4DHcnVTT87F0zZhRPYmZ3B,CQACAgQAAx0Eb86Z0AACArJkF-0v2kE9f2nh16eqKtTVWF56kgAC3Q4AAkiIuFBaobjZbH8vyi8E
2023/03/20-05:21:04,0DWdj2oZMBFSzRsi2Cvfzf,CQACAgQAAx0Eb86Z0AACArNkF-0_hIFhp-ONvfNuKxTv4h7_LAAC3g4AAkiIuFB0ikHgjlYcQS8E
2023/03/20-05:21:19,1Qrg8KqiBpW07V7PNxwwwL,CQACAgQAAx0Eb86Z0AACArRkF-1O-Yy4rCxm8OGGD7xSSMFGAgAC3w4AAkiIuFDKJ3rHyIWPsS8E
2023/03/20-05:21:37,4nrPB8O7Y7wsOCJdgXkthe,CQACAgQAAx0Eb86Z0AACArVkF-1hUxAdPbtI32IX57qKhi3t0wAC4A4AAkiIuFAwFs-FPUAZvS8E
2023/03/20-05:21:55,4W4fNrZYkobj539TOWsLO2,CQACAgQAAx0Eb86Z0AACArZkF-1ykj976SA0r6865uT8lcUdWAAC4Q4AAkiIuFA-IAp_0i4AAaYvBA
2023/03/20-05:22:10,4Dvkj6JhhA12EX05fT7y2e,CQACAgQAAx0Eb86Z0AACArdkF-2CdT__F_HfEeYf-dIcVw1C2gAC4g4AAkiIuFARGj9hj3_eAi8E
2023/03/20-05:22:27,4FAKtPVycI4DxoOHC01YqD,CQACAgQAAx0Eb86Z0AACArhkF-2TAYFi-5LlVPyq9CjiHbLgIwAC4w4AAkiIuFAuFyJk6rh_ky8E
2023/03/20-05:22:43,3dnP0JxCgygwQH9Gm7q7nb,CQACAgQAAx0Eb86Z0AACArlkF-2jXigh8TfH5jtU6iisLCGJnwAC5Q4AAkiIuFCP1P9y1VIufC8E
2023/03/20-05:23:02,2dHHgzDwk4BJdRwy9uXhTO,CQACAgQAAx0Eb86Z0AACArpkF-21AAEN7dxVAnHNSv6j65J7qUkAAuYOAAJIiLhQl7F851pDGlEvBA
2023/03/20-05:23:20,0WtM2NBVQNNJLh6scP13H8,CQACAgQAAx0Eb86Z0AACArtkF-3HIOyp5SMPH8UtfCuNxE77xgAC5w4AAkiIuFCrzFj66jJOMy8E
2023/03/20-05:23:37,59hBR0BCtJsfIbV9VzCVAp,CQACAgQAAx0Eb86Z0AACArxkF-3YL4OLkpZO9wi6tDZn2ZFzbAAC6A4AAkiIuFCwnMKLnUCzYS8E
2023/03/20-05:23:52,3tt9i3Hhzq84dPS8H7iSiJ,CQACAgQAAx0Eb86Z0AACAr1kF-3ngusjmDZhf4RJ_CJ588YtIgAC6Q4AAkiIuFDIdpQE9fOOmS8E
2023/03/20-05:24:09,55ZATsjPlTeSTNJOuW90pW,CQACAgQAAx0Eb86Z0AACAr5kF-356bpWNT5ghYHYcoWDtuIpjwAC6g4AAkiIuFADka-s_OEsWi8E
2023/03/20-05:24:24,0NZPBYD5qbEWRs3PrGiRkT,CQACAgQAAx0Eb86Z0AACAr9kF-4IFFYqpDKhFvy9ZYdLo7b1MAAC6w4AAkiIuFASeaTKjCcspS8E
2023/03/20-05:24:43,4P9Q0GojKVXpRTJCaL3kyy,CQACAgQAAx0Eb86Z0AACAsBkF-4awy23YQH_rgqmc6EpkShnLgAC7A4AAkiIuFCS_h0U0-BaLy8E
2023/03/20-05:25:04,2LBqCSwhJGcFQeTHMVGwy3,CQACAgQAAx0Eb86Z0AACAsFkF-4vVO_liceHupR6uQ4wj96APwAC7Q4AAkiIuFAIGXcAAXkUlSwvBA
2023/03/20-05:25:20,1zsPaEkglFvxjAhrM8yhpr,CQACAgQAAx0Eb86Z0AACAsJkF-4_L_I2J6DSapfadESpH-3d0QAC7w4AAkiIuFBlinJ86hf-7C8E
2023/03/20-05:25:35,2mpoNBkngUEwnaKoBhZ0vl,CQACAgQAAx0Eb86Z0AACAsNkF-5PRkm68443hgyurz3la18WugAC8A4AAkiIuFBGu0B8OGQgAS8E
2023/03/20-05:25:51,1lRtH4FszTrwwlK5gTSbXO,CQACAgQAAx0Eb86Z0AACAsRkF-5eApHXLfaTqv7xnXNC7TbnkAAC8Q4AAkiIuFCGhZLkC6KMEC8E
2023/03/20-05:26:07,7K3BhSpAxZBznislvUMVtn,CQACAgQAAx0Eb86Z0AACAsVkF-5uBQFtrSyAHxCig3NIROAikQAC8g4AAkiIuFBn2dqcfDuhGi8E
2023/03/20-05:26:25,2tTmW7RDtMQtBk7m2rYeSw,CQACAgQAAx0Eb86Z0AACAsZkF-6BiHWViRiU2KBCpW-MN7nQ0AAC8w4AAkiIuFCvs1srvrEt5C8E
2023/03/20-05:26:44,5mHdCZtVyb4DcJw8799hZp,CQACAgQAAx0Eb86Z0AACAsdkF-6Urnyrpy8j_6JA2rJsaoG79gAC9A4AAkiIuFALwbHZHNmIBC8E
2023/03/20-05:27:01,0PB0O24JqAuNdOAFVJljMS,CQACAgQAAx0Eb86Z0AACAshkF-6kBMqh1oYcLBGWHbgp_9WPfwAC9Q4AAkiIuFA7LiK3n7S7EC8E
2023/03/20-05:27:19,7MXVkk9YMctZqd1Srtv4MB,CQACAgQAAx0Eb86Z0AACAslkF-62tXr9xk8ezE6MNAoWwmozigAC9g4AAkiIuFC5aPPBiTeh7i8E
2023/03/20-05:27:35,3XjvMZqm2AQ8thMCD6w9w2,CQACAgQAAx0Eb86Z0AACAspkF-7GRjmx_Uxa9n5DHJYhWlXkvQAC9w4AAkiIuFCmb5JG6R0pEy8E
2023/03/20-05:27:50,4fYte8ZvTK14NEhAOZocBi,CQACAgQAAx0Eb86Z0AACAstkF-7WT10PeeSArTG3Opt816f5AwAC-A4AAkiIuFBMU8o6-eE3Ky8E
2023/03/20-05:28:08,7jtQIBanIiJOMS6RyCx6jZ,CQACAgQAAx0Eb86Z0AACAsxkF-7nXcpeD-gp7iXBTbKBIn9jcwAC-Q4AAkiIuFBrm-TUNlO8vC8E
2023/03/20-05:28:26,2mnXxnrX5vCGolNkaFvVeM,CQACAgQAAx0Eb86Z0AACAs1kF-75jIMrihnuDvHE_qhS8Mui7gAC-g4AAkiIuFBJ7Ex7N7_YsC8E
2023/03/20-05:28:41,2CeKVsFFXG4QzA415QygGb,CQACAgQAAx0Eb86Z0AACAs5kF-8J4Q7yfbOIe-2lVgkklI4NXwAC-w4AAkiIuFDTiFVz8CNtFS8E
2023/03/20-05:28:59,5XeFesFbtLpXzIVDNQP22n,CQACAgQAAx0Eb86Z0AACAs9kF-8aMXSoKzLG_XW_klC9TmeSdwAC_A4AAkiIuFDJnED0Ajg_1C8E
2023/03/20-05:29:15,6TBzRwnX2oYd8aOrOuyK1p,CQACAgQAAx0Eb86Z0AACAtBkF-8q1uFUIA1HNv2cvrbMbd6xeQAC_Q4AAkiIuFB84XjFJ7ccLS8E
2023/03/20-05:29:30,38UYeBLfvpnDSG9GznZdnL,CQACAgQAAx0Eb86Z0AACAtFkF-8657epXpxIXiuycBa2Ae-Q7gAC_g4AAkiIuFCZiHEjb0rcAS8E
2023/03/20-05:29:46,1DxEbt6OSbrkRthk6pjZue,CQACAgQAAx0Eb86Z0AACAtJkF-9JcMJiZwYT-pFnscu-kPzjhwAC_w4AAkiIuFBf5MjHhXcCHS8E
2023/03/20-05:30:02,4NoOME4Dhf4xgxbHDT7VGe,CQACAgQAAx0Eb86Z0AACAtNkF-9ayBTQlwy5Wn3CpAWGrGLcGQADDwACSIi4UFpln3yGCAwDLwQ
2023/03/20-05:30:18,0CYTGMBYkwUxrj1MWDLrC5,CQACAgQAAx0Eb86Z0AACAtRkF-9p7mCIoAKrQ7v79rukF-CdkwACAQ8AAkiIuFBOD6hxMHGwNy8E
2023/03/20-05:30:33,6Sq7ltF9Qa7SNFBsV5Cogx,CQACAgQAAx0Eb86Z0AACAtVkF-95MoRMh3oIYn59bHM8P9xWDQACAg8AAkiIuFDN62Ska0blfC8E
2023/03/20-05:30:48,6otePxalBK8AVa20xhZYVQ,CQACAgQAAx0Eb86Z0AACAtZkF--HkttOnpdQwlrECZGsgeDzPAACAw8AAkiIuFAKlzO_PHGyqC8E
2023/03/20-05:31:03,7MVIfkyzuUmQ716j8U7yGR,CQACAgQAAx0Eb86Z0AACAtdkF--WBGHmv3v9Wt9IsEOcBTEcEgACBA8AAkiIuFBCRJrmiIrEpC8E
2023/03/20-05:31:18,54ipXppHLA8U4yqpOFTUhr,CQACAgQAAx0Eb86Z0AACAthkF--m05CWJNnAiYR9mb7NZLkBcQACBQ8AAkiIuFC_eaEqzmkWci8E
2023/03/20-05:43:31,3bNv3VuUOKgrf5hu3YcuRo,CQACAgQAAx0Eb86Z0AACAtlkF_KDNPPu7YNkozUGLF9njJxrXAACBw8AAkiIuFCeshIvZVJdIi8E
2023/03/20-05:43:52,291U1H10Sy0l4IuCYTBzT5,CQACAgQAAx0Eb86Z0AACAtpkF_KYdiEdjaKwQpJGAnyigFFByQACCA8AAkiIuFCEVYSk9gPv5S8E
2023/03/20-05:44:10,1j4kHkkpqZRBwE0A4CN4Yv,CQACAgQAAx0Eb86Z0AACAttkF_KpD13jr66lOgKD0omt1SIKgwACCQ8AAkiIuFDlZRhCUPhBqS8E
2023/03/20-05:44:28,6xK8IduLzbk1IQ9ROQ96Sn,CQACAgQAAx0Eb86Z0AACAtxkF_K8Ne8EqxkzCrKSpO43vOJAYwACCg8AAkiIuFD16Job52_fty8E
2023/03/20-05:44:47,5j2SrD21vkSdJp4h0qQrDj,CQACAgQAAx0Eb86Z0AACAt1kF_LPIg1nD0SjHYTKk-9Ugo2OiQACCw8AAkiIuFA8C_f-Mdrt7y8E
2023/03/20-05:45:04,6dTBKBqIN4324sThIkZpMj,CQACAgQAAx0Eb86Z0AACAt5kF_LgqnxX1gABkOIqbTq8mHb0Q2sAAgwPAAJIiLhQqbDBU1SxJk8vBA
2023/03/20-05:45:21,5Lp9GcZAY7H2M2NjIS3Cdn,CQACAgQAAx0Eb86Z0AACAt9kF_Lwh3722taUM1IdeY8irZzytQACDQ8AAkiIuFAS-Y05WAhKty8E
2023/03/20-05:45:38,7vRriwrloYVaoAe3a9wJHe,CQACAgQAAx0Eb86Z0AACAuBkF_MB0TJbT62qw48oudYSMW7VYgACDg8AAkiIuFDwm6yJOTMxry8E
2023/03/20-05:45:55,08wURIBZsaN1sCIDewNdrX,CQACAgQAAx0Eb86Z0AACAuFkF_MTeamTY324hGcy96d82Q_UdwACDw8AAkiIuFCRahn3Za8IhC8E
2023/03/20-05:46:14,0vaLIgHcJM3Fs3jxN9MxPm,CQACAgQAAx0Eb86Z0AACAuJkF_Mly7Egne370JjR6MPjo1Th2QACEA8AAkiIuFDBqV3Zt_FMLS8E
2023/03/20-05:46:31,30v7rEW9IxK6vKazftgjio,CQACAgQAAx0Eb86Z0AACAuNkF_M3kR2JHrrZasJOSXNyjTtV9QACEQ8AAkiIuFB5huEpiFtjeC8E
2023/03/20-05:46:50,12Laf9APmtwdQIhmEx8yT5,CQACAgQAAx0Eb86Z0AACAuRkF_NJe1rk2NmE1z1CGGnaU0UpzAACEg8AAkiIuFDF_YPjIs43Gy8E
2023/03/20-05:47:08,0yMfN3F5RwpTvvGTLe9YCW,CQACAgQAAx0Eb86Z0AACAuVkF_NcXFusqyrh5sNeSti1I9B6bgACEw8AAkiIuFBAuph1bhh-xC8E
2023/03/20-05:47:29,1FrrRHxMKVvd85O3gancxW,CQACAgQAAx0Eb86Z0AACAuZkF_Nxk3AHyecJ03yfErgEgYjuYAACFA8AAkiIuFAGRhkejPChuC8E
2023/03/20-05:47:51,0NlGoUyOJSuSHmngoibVAs,CQACAgQAAx0Eb86Z0AACAudkF_OGY391nlrIh__tJ4HGgIVfpQACFQ8AAkiIuFCJc4-NNgbIwy8E
2023/03/20-05:48:09,6DEMMeWXfmFAXgDUMMzeg6,CQACAgQAAx0Eb86Z0AACAuhkF_OYvtbblEwJRJUS7_mlLpVWiQACFg8AAkiIuFDX-mzT8MugIS8E
2023/03/20-05:48:34,1Yk0cQdMLx5RzzFTYwmuld,CQACAgQAAx0Eb86Z0AACAulkF_Oy8Jf0fTpbJ-TnvZBQWOT2hQACFw8AAkiIuFAqI2sdBXrufy8E
2023/03/20-05:48:56,1HNkqx9Ahdgi1Ixy2xkKkL,CQACAgQAAx0Eb86Z0AACAupkF_PHr0Jk2BN4Nsaw8STD1ULyPAACGA8AAkiIuFAgjNO0PMLBdi8E
2023/03/20-05:49:21,0tgVpDi06FyKpA1z0VMD4v,CQACAgQAAx0Eb86Z0AACAutkF_PhdwzJk1hj0uIcISNrnqcvcgACGQ8AAkiIuFABJZpgYYMGjy8E
2023/03/20-05:49:56,1bhUWB0zJMIKr9yVPrkEuI,CQACAgQAAx0Eb86Z0AACAuxkF_QDVwuCHdIfhW1-DP65DegG5wACGg8AAkiIuFCKkQFvUr1mOy8E
2023/03/20-05:50:22,3zl7j5ua8mF4JDYuxrfo01,CQACAgQAAx0Eb86Z0AACAu1kF_QeLXtXq9jSlLgI-yQmK96STwACGw8AAkiIuFAypyDqi_g3Bi8E
2023/03/20-05:50:40,5sF7hdYvhrcgNq8NZjfK8L,CQACAgQAAx0Eb86Z0AACAu5kF_Qw1GjRf0WP6WwmnEN_OGrmZwACHA8AAkiIuFD-OgYJkVRnqi8E
2023/03/20-05:51:09,75JFxkI2RXiU7L9VXzMkle,CQACAgQAAx0Eb86Z0AACAu9kF_RNCoXnecyFVRBWcYATeEU19AACHQ8AAkiIuFDphDyI6cAE_y8E
2023/03/20-05:51:29,69vToJ9BMbbLlFZo7k7A7B,CQACAgQAAx0Eb86Z0AACAvBkF_RgXyhH4DWaG1Dl6jeqTLMfgAACHg8AAkiIuFBRS9LD_noD8y8E
2023/03/20-05:51:50,161DnLWsx1i3u1JT05lzqU,CQACAgQAAx0Eb86Z0AACAvFkF_R1aKR8_2vBmDzJvdXDPVu4IwACHw8AAkiIuFARqgABaEl-R-EvBA
2023/03/20-05:52:13,0nJW01T7XtvILxQgC5J7Wh,CQACAgQAAx0Eb86Z0AACAvJkF_SMv6GMqUqsp4jH62SG-nO2NgACIA8AAkiIuFCx3h4FO1dOkS8E
2023/03/20-05:52:39,6CKoWCWAqEVWVjpeoJXyNH,CQACAgQAAx0Eb86Z0AACAvNkF_SmabgQdB0UgTIHs8svFuOLFQACIQ8AAkiIuFCkbsFCaK_4cC8E
2023/03/20-05:52:57,3lOok0REf4j3790abX26PR,CQACAgQAAx0Eb86Z0AACAvRkF_S5kupLneSFRuG_kxyjFkvK8wACIg8AAkiIuFAYvbvA91SZjC8E
2023/03/20-05:53:19,3akr0ZrJxLMBLIFeNNKffW,CQACAgQAAx0Eb86Z0AACAvVkF_TPjvq6xkOYn43P9WLqkP0iIgACIw8AAkiIuFB61gtabW-Mhy8E
2023/03/20-05:53:35,6RM5WJcShIHsxrja11M1iK,CQACAgQAAx0Eb86Z0AACAvZkF_Tf9WSngaYB8C6b2rGpvloW3AACJA8AAkiIuFB_21HWIXLtkC8E
2023/03/20-05:53:55,7dEfa89dZfo6CQPdsgGCF6,CQACAgQAAx0Eb86Z0AACAvdkF_TzXJHfx7T8VCxrrFMEetCiqQACJQ8AAkiIuFBJpwFEWk2fny8E
2023/03/20-05:54:13,53EkWr6SgetutN9APADJxN,CQACAgQAAx0Eb86Z0AACAvhkF_UFvAm3tvkE-uFU81tV_u0i5QACJg8AAkiIuFBjEUMdECSQEC8E
2023/03/20-05:54:38,5rEvuW4YhwobKwGL1HPrXA,CQACAgQAAx0Eb86Z0AACAvlkF_UdrAPiM6DR1cNE4haLc_c0_AACJw8AAkiIuFCil3MkmTTDxS8E
2023/03/20-05:54:57,6z5Yh7kOKeLjqIsNdokIpU,CQACAgQAAx0Eb86Z0AACAvpkF_Ux9bxnZJrnMqmFlrPQmhSXDwACKA8AAkiIuFBp5-rD7WbJfy8E
2023/03/20-05:55:18,6Up545NUflOiXo8cEraH49,CQACAgQAAx0Eb86Z0AACAvtkF_VGsAkjEZr_seQUi6NgCwnvAQACKQ8AAkiIuFDraUGjPjYhdi8E
2023/03/20-05:55:43,0Cy7wt6IlRfBPHXXjmZbcP,CQACAgQAAx0Eb86Z0AACAvxkF_VeUdTPk2FWCciUyM5XFjXfhgACKg8AAkiIuFChJXEs0AJc8y8E
2023/03/20-05:56:03,2BgEsaKNfHUdlh97KmvFyo,CQACAgQAAx0Eb86Z0AACAv1kF_Vyd5_hkEDh2GATAQ5kdWOpPgACKw8AAkiIuFCDOY7-R94voy8E
2023/03/20-05:56:21,6GkTKjv1XbFVdI2D8vvDPu,CQACAgQAAx0Eb86Z0AACAv5kF_WFqtTuNCSLEx83x8LO4AfHcQACLA8AAkiIuFDAY83NAzGr1i8E
2023/03/20-05:56:42,7Ie9W94M7OjPoZVV216Xus,CQACAgQAAx0Eb86Z0AACAv9kF_WaC1Otdywbo4sUVW1WDFKnHQACLQ8AAkiIuFA78XfYNw21hC8E
2023/03/20-05:56:59,0j1VVFif10Ib9s3U59adli,CQACAgQAAx0Eb86Z0AACAwABZBf1q1fksexviScMz4NChecPHu4AAi4PAAJIiLhQywABU7rlmzbdLwQ
2023/03/20-05:57:14,551xyaSJsg8hILXFq9JdST,CQACAgQAAx0Eb86Z0AACAwFkF_W6hfyEjvHHGIgkCFD_dBUYPwACLw8AAkiIuFA3egX05uQY1C8E
2023/03/20-05:57:31,0t3ZvGKlmYmVsDzBJAXK8C,CQACAgQAAx0Eb86Z0AACAwJkF_XKusTHtU04KndOIwY1ctr31wACMA8AAkiIuFCOnWHm8kCyIC8E
2023/03/20-05:57:48,1m84zLz4WizjR4mCDoXReg,CQACAgQAAx0Eb86Z0AACAwNkF_XcmmeFNOSuIbYJjzZW-ORYagACMQ8AAkiIuFB9ndofKPgEOy8E
2023/03/20-05:58:05,6Kzzkq9sFHm51RwhHswCVc,CQACAgQAAx0Eb86Z0AACAwRkF_Xsu38lKze5wWLwWgIDt-jEdAACMg8AAkiIuFCvssNf_yVg6S8E
2023/03/20-05:58:23,6JF5OEqj3bIEdoBTkHVACm,CQACAgQAAx0Eb86Z0AACAwVkF_X-Gkk-t-RBwl2DLA-IS9eiGAACMw8AAkiIuFDU-XovL1yMlC8E
2023/03/20-05:58:41,2yKqqZQOYhzAfmU0ye6tVQ,CQACAgQAAx0Eb86Z0AACAwZkF_YQO3QcAwz14DZcWYHIU_XTmwACNA8AAkiIuFDUwW69mXaG3C8E
2023/03/20-05:58:59,2qBmtZnPSQouvADmqaHKxk,CQACAgQAAx0Eb86Z0AACAwdkF_YjN5b-BPBHXM4GT4YuHB492QACNQ8AAkiIuFBBiVDEw8lCGC8E
2023/03/20-05:59:18,3SZLtkoHoECHHuOnNkNCuS,CQACAgQAAx0Eb86Z0AACAwhkF_Y2IRJ9gtexfeMbgsGDUfHNwQACNg8AAkiIuFCRRn3OPt0Tqi8E
2023/03/20-05:59:35,5A3fPy30SN2wuzrahpcxvV,CQACAgQAAx0Eb86Z0AACAwlkF_ZG4f5uO9sI57fgb3hduSRkywACNw8AAkiIuFCISIC_pEeFWC8E
2023/03/20-06:00:00,2fbJ5Msx8KoDKpyufH5YsU,CQACAgQAAx0Eb86Z0AACAwpkF_ZgTzG0MK-hid9oPP11ddt8lwACOA8AAkiIuFBnMp9h8pdoGi8E
2023/03/20-06:00:18,3hRV0jL3vUpRrcy398teAU,CQACAgQAAx0Eb86Z0AACAwtkF_ZxKYhjUcFauKRmXKb9ufXAegACOQ8AAkiIuFB8xLOPD8pQjy8E
2023/03/20-06:00:39,2b8fOow8UzyDFAE27YhOZM,CQACAgQAAx0Eb86Z0AACAwxkF_aGubvIC7Z4pEy9oIahz31GywACOg8AAkiIuFDa4qKuRoZU6S8E
2023/03/20-06:01:05,78Yxsdi1JiwLDsU7TWHezw,CQACAgQAAx0Eb86Z0AACAw1kF_ahLeKp6iMaQlJg16JOo9t1HwACOw8AAkiIuFAwhjR3mD7KYi8E
2023/03/20-06:01:23,3AzjcOeAmA57TIOr9zF1ZW,CQACAgQAAx0Eb86Z0AACAw5kF_ayHEdvGEWk8m20rp0olP5HrwACPA8AAkiIuFDkFcB8eqZ4wy8E
2023/03/20-06:01:40,79cuOz3SPQTuFrp8WgftAu,CQACAgQAAx0Eb86Z0AACAw9kF_bE3d8wWx5akoJQ88G3CUOTkgACPQ8AAkiIuFD7HTlIjqqeji8E
2023/03/20-06:01:58,5JvHFo8DB7qgbGHnF5iAKU,CQACAgQAAx0Eb86Z0AACAxBkF_bVtjvjn6Jwfakkvh4Io0nnjAACPg8AAkiIuFD1NUqQ_ziUvi8E
2023/03/20-06:02:18,2bDENJyfbxj0neGiXUFvIX,CQACAgQAAx0Eb86Z0AACAxFkF_bpFt7qaPvII8r2WLgVPZuvugACPw8AAkiIuFB7g0mrzVJ2Di8E
2023/03/20-06:02:33,0u2P5u6lvoDfwTYjAADbn4,CQACAgQAAx0Eb86Z0AACAxJkF_b5uWp13T2UEFuDUjDD9qjObQACQA8AAkiIuFDGrMXsU_7fQC8E
2023/03/20-06:02:54,1KeZgPUr54C8iz3FjqzVoz,CQACAgQAAx0Eb86Z0AACAxNkF_cOuR1nB7Th24AuK01kHwJytgACQQ8AAkiIuFAMTx_wQc4nMC8E
2023/03/20-06:03:13,0lYBSQXN6rCTvUZvg9S0lU,CQACAgQAAx0Eb86Z0AACAxRkF_cgd2nPqsm4ryI-QPvNVZ38_QACQg8AAkiIuFAiUsyKXjvnSS8E
2023/03/20-06:03:31,0laYHRpNTS6i8FXdupHkJ4,CQACAgQAAx0Eb86Z0AACAxVkF_cyTFD6lCYd3UDN9PrEPhZOeAACQw8AAkiIuFD2abaNPPyzCS8E
2023/03/20-06:03:49,0lHAMNU8RGiIObScrsRgmP,CQACAgQAAx0Eb86Z0AACAxZkF_dEH2xVj9h6gP8wI0-zFPGOGAACRA8AAkiIuFDvn0gzpSkUwi8E
2023/03/20-06:04:13,6CcJMwBtXByIz4zQLzFkKc,CQACAgQAAx0Eb86Z0AACAxdkF_dchHmY3SZK20FruQY1_eqwaQACRQ8AAkiIuFBlhBHdrbyW0S8E
2023/03/20-06:04:34,2FY7b99s15jUprqC0M5NCT,CQACAgQAAx0Eb86Z0AACAxhkF_dyJxgTlDRTSQd04-ncctNeAQACRg8AAkiIuFAaZq9hRzm-uS8E
2023/03/20-06:05:01,1OIg1rSlLKu5xD1x1bfVJo,CQACAgQAAx0Eb86Z0AACAxlkF_eMnQ0RJF5STW5FFE_rcg79TgACRw8AAkiIuFAykkBJS79UIi8E
2023/03/20-06:05:20,56GBItqD18Be9iN7zGqMX5,CQACAgQAAx0Eb86Z0AACAxpkF_egd-PegoQgo0o0w7gI12zXYQACSA8AAkiIuFB7d3cKTfabJC8E
2023/03/20-06:05:40,2u6fRGcaBhpI4uNBHpGv0b,CQACAgQAAx0Eb86Z0AACAxtkF_ez3eePfhg2pARAZjkmmQrV7wACSQ8AAkiIuFD1LE9IpFXiLC8E
2023/03/20-06:06:13,5TvE3pk05pyFIGdSY9j4DJ,CQACAgQAAx0Eb86Z0AACAxxkF_fUhMRC5rYXMlTbIGGjvDtu2AACSg8AAkiIuFArnCGqlNP-wy8E
2023/03/20-06:06:29,5SlKhhXtzd3Cj74HYmHZNz,CQACAgQAAx0Eb86Z0AACAx1kF_flC_WrILDT4NJSF0uKvLSrJgACSw8AAkiIuFC84c9zneboOC8E
2023/03/20-06:06:52,29FQEJUtBAnxWEkux39d7I,CQACAgQAAx0Eb86Z0AACAx5kF_f7y4huReUOCsWogmXiYkBJVQACTA8AAkiIuFAFE8ciMXqYTC8E
2023/03/20-06:07:11,0FRcdft6ABgbT1fX6smwkm,CQACAgQAAx0Eb86Z0AACAx9kF_gPFXAo2A1KAUoOZCWEsnjXPgACTQ8AAkiIuFAzTAoS9Jl3_y8E
2023/03/20-06:07:33,44n97yHySt0Z9rqPaXgjCK,CQACAgQAAx0Eb86Z0AACAyBkF_gkwRoOUuFiJB_Ba05O5SfP8wACTg8AAkiIuFA4SpQNcz-DVy8E
2023/03/20-06:07:50,37FXw5QGFN7uwwsLy8uAc0,CQACAgQAAx0Eb86Z0AACAyFkF_g1Gho3yKNGQ8DQps9Dj-v8ggACTw8AAkiIuFBgs--hvIk1qS8E
2023/03/20-06:08:23,6rPO02ozF3bM7NnOV4h6s2,CQACAgQAAx0Eb86Z0AACAyJkF_hWpcAJIDECLbXgfoeYhjsPQgACUA8AAkiIuFA-dF7e6Vw0xy8E
2023/03/20-06:08:48,5kqIPrATaCc2LqxVWzQGbk,CQACAgQAAx0Eb86Z0AACAyNkF_hvjqj20iyFifpFN7CmMhZVYQACUQ8AAkiIuFBRnTRMH95X-i8E
2023/03/20-06:09:09,6TIU9Ehmi6dMzZK73Ym4yj,CQACAgQAAx0Eb86Z0AACAyRkF_iE9h6bSSbPimlFsAX4YgYM1AACUg8AAkiIuFDSdnD7akZMvS8E
2023/03/20-06:09:36,1rqqCSm0Qe4I9rUvWncaom,CQACAgQAAx0Eb86Z0AACAyVkF_ifJ6-wpWYRrtk0HP_QySzkJAACUw8AAkiIuFBFGbf7W16LcC8E
2023/03/20-06:09:57,3jFfe4W9gyX1QQbHYPXNiS,CQACAgQAAx0Eb86Z0AACAyZkF_i1kqyJ-f4rjYzlptnXcHbEBgACVA8AAkiIuFDWtnyLkfcGpC8E
2023/03/20-06:10:13,0LuVpXVTaWY9Un2w9GkXjf,CQACAgQAAx0Eb86Z0AACAydkF_jEYl3EPjhSIJDSQbjfwq9HkAACVQ8AAkiIuFCn3mhGr2mDuC8E
2023/03/20-06:10:28,0mjAU3yKR1QnXnHtjGJqTM,CQACAgQAAx0Eb86Z0AACAyhkF_jUyrOZlJAVcSd6bOCPoJU3MwACVg8AAkiIuFB26i78Pu6fdy8E
2023/03/20-06:10:46,7Hxnfdl30YITvCxI6YvHaP,CQACAgQAAx0Eb86Z0AACAylkF_jma0cKclRfpCdJi4EkHgwCsQACVw8AAkiIuFDghTZ12aM8oi8E
2023/03/20-06:11:03,33LC84JgLvK2KuW43MfaNq,CQACAgQAAx0Eb86Z0AACAypkF_j3TqD1fCc0Z5AcEygrovbLAQACWA8AAkiIuFBmzltc20ZRzy8E
2023/03/20-06:11:25,7DZvt6QpoBvENnNTUTqudO,CQACAgQAAx0Eb86Z0AACAytkF_kMgbqjLlu2t_DvhgqAwsCV-gACWQ8AAkiIuFALdnFc4JGu4y8E
2023/03/20-06:11:52,5EQzuYfTZt7B2LqlvTF49l,CQACAgQAAx0Eb86Z0AACAyxkF_knIcJDIgolVGecbG1ry8sHZQACWg8AAkiIuFDV7_GjoopP8C8E
2023/03/20-06:12:15,3RiPr603aXAoi4GHyXx0uy,CQACAgQAAx0Eb86Z0AACAy1kF_k_Ofj5QjcVX4rzGjK9oV2GegACWw8AAkiIuFBWQU_VIHhD7y8E
2023/03/20-06:12:32,561F1zqRwGPCTMRsLsXVtL,CQACAgQAAx0Eb86Z0AACAy5kF_lPfY2jhLs6cf-jDYvAvDywlQACXA8AAkiIuFBRnIZ6JJtjCy8E
2023/03/20-06:12:47,1lgN0A2Vki2FTON5PYq42m,CQACAgQAAx0Eb86Z0AACAy9kF_lf1tX_6pZuc8RhKuxH4uwRuwACXQ8AAkiIuFAkyD86UCXrui8E
2023/03/20-06:13:16,4eHbdreAnSOrDDsFfc4Fpm,CQACAgQAAx0Eb86Z0AACAzBkF_l8jxvh4tr8gcQhqDUv6GbMfAACXg8AAkiIuFDgKCPFkENr1y8E
2023/03/20-06:13:33,0zjaKZG60TLWtuCSUcpmy9,CQACAgQAAx0Eb86Z0AACAzFkF_mM_Lz9kL_LlqIZYcT-BT6HdgACXw8AAkiIuFAOo7ng9QNMwC8E
2023/03/20-06:53:25,7bvuOKIFqMyRSkLozmaoRg,CQACAgQAAx0Eb86Z0AACAzJkGALlgo8e7dlkozpYGYAWep_Q6wAC0w8AAkiIwFD1Fr2a_8HdSy8E
2023/03/20-06:53:51,1lgdOtupb4An8BlLfWDlgl,CQACAgQAAx0Eb86Z0AACAzNkGAL_jBz-A9XUndnKN6_ZblxcLwAC1A8AAkiIwFCUrOJjadh2rC8E
2023/03/20-06:54:11,2AjyreHCD6PKAtRGV2qsK5,CQACAgQAAx0Eb86Z0AACAzRkGAMThrmxh1KlhSpjM_rtTWLURQAC1Q8AAkiIwFAZL3KDOIUHWi8E
2023/03/20-06:54:34,1c3GkbZBnyrQ1cm4TGHFrK,CQACAgQAAx0Eb86Z0AACAzVkGAMqJPFl1tQk-2jdzapkIj7B7wAC1g8AAkiIwFDL9iWoN2wjnS8E
2023/03/20-06:54:57,6ZFbXIJkuI1dVNWvzJzown,CQACAgQAAx0Eb86Z0AACAzZkGANAcH16DIgB5a7lX4nqTjm8RwAC1w8AAkiIwFDKS4quXaFM9C8E
2023/03/20-06:55:16,5xKVYMxOHB2XRLCUafFrz6,CQACAgQAAx0Eb86Z0AACAzdkGANU-hxmKBzgIumxTavqcVf-UAAC2A8AAkiIwFBxb8H9Z2Agfi8E
2023/03/20-06:55:39,77QDBf1zTvyegtTpAO5EpH,CQACAgQAAx0Eb86Z0AACAzhkGANrAc-u2bAa1Q5O7NpkUGL5TQAC2Q8AAkiIwFDbgEC6Asy5Fi8E
2023/03/20-06:56:06,3iR6S8t0mOLUZUAB77KgrP,CQACAgQAAx0Eb86Z0AACAzlkGAOGiFSbkRkl9AwEdo5rqQfL4wAC2g8AAkiIwFCJ_zZ4OYyecC8E
2023/03/20-06:56:24,3P5OnuqwVhZMEMoaZa9GuE,CQACAgQAAx0Eb86Z0AACAzpkGAOXgPnpzFvUZoa-C8pPpUnQBgAC2w8AAkiIwFCIaqQ6p7JyQC8E
2023/03/20-06:56:58,5pj5aUI2t5D0o9GkniUVDI,CQACAgQAAx0Eb86Z0AACAztkGAO6x7Gsd87xNXJw4wAB6WVO96oAAtwPAAJIiMBQWBHo9SE4mEEvBA
2023/03/20-06:57:16,5GavgwWP908j9LdgPKDn9B,CQACAgQAAx0Eb86Z0AACAzxkGAPMysRtZ0JYEDYDTdsEm0rKoQAC3Q8AAkiIwFCPiJBHPHCYHi8E
2023/03/20-06:57:38,5tkRSffcvdTrgx9RL0Ksu7,CQACAgQAAx0Eb86Z0AACAz1kGAPhsmbatfyvwPIKmsF7T8EtWAAC3g8AAkiIwFDp-Jrx7EX8ei8E
2023/03/20-06:57:55,4b1Lo350E2hPu9We9qLumy,CQACAgQAAx0Eb86Z0AACAz5kGAPzoPdEkBeQLa0wVM7D_IXVUgAC3w8AAkiIwFC9p6zA3RX06S8E
2023/03/20-06:58:17,66HNv8qd9jr7q5P9nNTOOZ,CQACAgQAAx0Eb86Z0AACAz9kGAQIljij1LrksG2VtKmhJCIeVgAC4A8AAkiIwFAdeE0NWwVlxC8E
2023/03/20-06:58:35,4WedBZTeFawYCBCgfj36iK,CQACAgQAAx0Eb86Z0AACA0BkGAQbC2UeL78wPXqVWjQMP3ZYfQAC4Q8AAkiIwFA_dAfzjOKYby8E
2023/03/20-06:58:54,0OAAKvlecq6P7XpSS8mjnr,CQACAgQAAx0Eb86Z0AACA0FkGAQteq_6IKWM8OFz1Mh-rQABnL8AAuIPAAJIiMBQcXUDK48pBKUvBA
2023/03/20-06:59:12,48KprKXSaqDzGCO8SAnv8s,CQACAgQAAx0Eb86Z0AACA0JkGARAMVUCi2KZzDYcT8WvrUvNrQAC4w8AAkiIwFCrj2g5hVmVjC8E
2023/03/20-06:59:40,1aDklx1GaBqHFowCzz63wU,CQACAgQAAx0Eb86Z0AACA0NkGARc8W5II9L6mhzUqsUCfWEnpAAC5A8AAkiIwFD3VqGgMMT6IS8E
2023/03/20-07:00:11,6iLzFJhs4ATwJn7P1utZIJ,CQACAgQAAx0Eb86Z0AACA0RkGAR6YKxVfJMGGm141Q_0xVFrTQAC5Q8AAkiIwFDsWYl1TjNy-i8E
2023/03/20-07:00:29,4WmB04GBqS4xPMYN9dHgBw,CQACAgQAAx0Eb86Z0AACA0VkGASMaJaaKrahsiCJq_zVAiMp2wAC5g8AAkiIwFAuQICduiad9y8E
2023/03/20-07:00:47,1gLLVtr9kIjmyoRzENZ11w,CQACAgQAAx0Eb86Z0AACA0ZkGASea6_WvVlObvUSmQsXgCdqZgAC5w8AAkiIwFBTfvuj51hcIy8E
2023/03/20-07:01:10,5aaXqH8rgKZxg61HjECldi,CQACAgQAAx0Eb86Z0AACA0dkGAS1ODphofVOk85IlZGawRAwuAAC6A8AAkiIwFAqzn370YSbQS8E
2023/03/20-07:01:37,6GUq9y0Iy5QrAuPYxTrFp2,CQACAgQAAx0Eb86Z0AACA0hkGATQAwPh_nIy86P5Y1FamlLtdQAC6Q8AAkiIwFBn5d9X1Df3fC8E
2023/03/20-07:01:53,39qMOlPitYSlBs6sShKLKc,CQACAgQAAx0Eb86Z0AACA0lkGAThqW-rW7LHFyClT51ywcZajQAC6g8AAkiIwFADozUXpTd4pC8E
2023/03/20-07:02:13,59v4oxUHUDLVCir5NqHbwt,CQACAgQAAx0Eb86Z0AACA0pkGAT0cuKK4rLf14SqO-aXDsUosQAC6w8AAkiIwFAgFr8YA7EcdS8E
2023/03/20-07:02:31,2v3Ezj7MnwBe3s1VRaUcDt,CQACAgQAAx0Eb86Z0AACA0tkGAUH21sOLkt2vn8odnMIDyhfhwAC7A8AAkiIwFDQwdCmchmquS8E
2023/03/20-07:02:51,5CIOy79Y5MmXeInEiVikRC,CQACAgQAAx0Eb86Z0AACA0xkGAUbDHPtLVehRGdpHGEln6t1OAAC7Q8AAkiIwFDZbDTVxuVwny8E
2023/03/20-07:03:14,1nHM5nGsbpskmBnZOfxirW,CQACAgQAAx0Eb86Z0AACA01kGAUyy-hf0oP27z0yz5OUPJ9QigAC7g8AAkiIwFCSnt7hlBeO1C8E
2023/03/20-07:03:29,6hmyPabB1GtXrdM5ZM9gNJ,CQACAgQAAx0Eb86Z0AACA05kGAVBXRq78P_MQR99kZVnqaeMrQAC7w8AAkiIwFATM57f3aPzvC8E
2023/03/20-07:03:56,0NkPI5RS4ECeAsRBOKBtQV,CQACAgQAAx0Eb86Z0AACA09kGAVcJC1CTpVZTsea7U812SX_agAC8A8AAkiIwFBineKc6MQlJS8E
2023/03/20-07:04:16,6CeCOC2zx1qS8mQNYHe6IM,CQACAgQAAx0Eb86Z0AACA1BkGAVvqK31wH2mgiDA59PF8e4J9AAC8Q8AAkiIwFAGMrEzshH0zy8E
2023/03/20-07:04:35,0bmb8jg6ljmt8qBmIsMNvL,CQACAgQAAx0Eb86Z0AACA1FkGAWCbm92ryYcQazuRvvj-HaqOAAC8g8AAkiIwFAzz9iFTu5ipi8E
2023/03/20-07:04:52,3TICwBciB5Oo1YoF6J0gtS,CQACAgQAAx0Eb86Z0AACA1JkGAWT0GpiMRtNYYtyJBjyHGYsJgAC8w8AAkiIwFD1fgRArr9anS8E
2023/03/20-07:05:24,1AKIi40li4kyJHQKOuF3Qz,CQACAgQAAx0Eb86Z0AACA1NkGAW0ewJPcBIRLEhDnuiO1MT5QwAC9A8AAkiIwFDcIIgBNvEkwi8E
2023/03/20-07:05:47,1N7LRc9YuyMjWKEkrmlogM,CQACAgQAAx0Eb86Z0AACA1RkGAXLbf5NmFVpINUnUJ_jRGjeWAAC9Q8AAkiIwFD6BYiUP9YT3i8E
2023/03/20-07:06:14,5NFAE8XxEjBrpNu4tEvhqG,CQACAgQAAx0Eb86Z0AACA1VkGAXldnRPeqOj-z51imiaXA85BQAC9g8AAkiIwFDWQ5L1uxPEHC8E
2023/03/20-07:06:38,3285tsVoH5DkP5RblWb2lp,CQACAgQAAx0Eb86Z0AACA1ZkGAX-fmwP5qFV5JB8soZne5nA4wAC9w8AAkiIwFDp-OeFVNIXqC8E
2023/03/20-07:07:05,6RyY8r3DerLiB0hcBoTNFn,CQACAgQAAx0Eb86Z0AACA1dkGAYZJtYF0PEpqnNoouq_DjmLKwAC-A8AAkiIwFBE1BJnmW1AKy8E
2023/03/20-07:07:25,1nJT65ucn8TIklLLMjA9rl,CQACAgQAAx0Eb86Z0AACA1hkGAYt8tpVAWyhYhZ7NucXasptxgAC-Q8AAkiIwFA4e8cLD7uuBy8E
2023/03/20-07:07:45,75dpXldyAkbUbFUgDTdD4K,CQACAgQAAx0Eb86Z0AACA1lkGAZAs3b-8vG8zUZ1b6hHcoFLqgAC-g8AAkiIwFA_Q0wfxFytIS8E
2023/03/20-07:08:06,0S7XIu0dn63ayGxjefd5It,CQACAgQAAx0Eb86Z0AACA1pkGAZVnQOu8md1G5Fm8F1QiKpSCQAC-w8AAkiIwFCgGNZmpzYH9C8E
2023/03/20-07:08:24,2QTDuJIGKUjR7E2Q6KupIh,CQACAgQAAx0Eb86Z0AACA1tkGAZnwCEwqn9GQ7hox6fjc18GmgAC_A8AAkiIwFCOetMYm2gDtS8E
2023/03/20-07:08:39,7dgMCxPTzL2QA59rLQfqLe,CQACAgQAAx0Eb86Z0AACA1xkGAZ3hlKTvRUwEEQJIAIT-4jHTwAC_Q8AAkiIwFAtHof8i4jPzi8E
2023/03/20-07:08:56,24xTylaPWS5iVVCxwTTkcv,CQACAgQAAx0Eb86Z0AACA11kGAaH2XIha2mKBnBa13qiu4wsCQAC_g8AAkiIwFCLZQjIZwlOwS8E
2023/03/20-07:09:11,7G9EwWCjQd2mN9dTeuWMau,CQACAgQAAx0Eb86Z0AACA15kGAaX8DxkX7PFNo5Hwmm9srV6mgAC_w8AAkiIwFDzy8-H9aMrSy8E
2023/03/20-07:09:33,285ieonEuLkll3zknYK2TY,CQACAgQAAx0Eb86Z0AACA19kGAas-e3UwZNij1MH6zCN5bevCgADEAACSIjAUNOQb9iwXxNBLwQ
2023/03/20-07:09:55,7iocNjLrxPHLl8njgRlv5U,CQACAgQAAx0Eb86Z0AACA2BkGAbCQcsFJV2PxfepflyW1jNnyQACARAAAkiIwFBClR0vpQb8KS8E
2023/03/20-07:10:13,6MQAB3vorg90FA3tQpbYXK,CQACAgQAAx0Eb86Z0AACA2FkGAbUAtnm3Mvn8f-dVIlYyWG6VgACAhAAAkiIwFAynMCPAXoEvC8E
2023/03/20-07:10:31,1Vk4yRsz0iBzDiZEoFMQyv,CQACAgQAAx0Eb86Z0AACA2JkGAbmy69dF3M5ne3xrfbK8Ff8AAMDEAACSIjAUFwiZFAO6WfmLwQ
2023/03/20-07:10:47,2bonbKENtFAQQh8U4UEAu5,CQACAgQAAx0Eb86Z0AACA2NkGAb3TGU39etI_qhXQFvrYnBsWgACBBAAAkiIwFCryimigti3nS8E
2023/03/20-07:11:03,3gbwtdRrtD05lz08DTxfFt,CQACAgQAAx0Eb86Z0AACA2RkGAcHGvXhRCT2EGZsa9178aKmVQACBRAAAkiIwFB463IS8w9zQS8E
2023/03/20-07:11:30,762K1h8yVV5IgAVuEMpqfZ,CQACAgQAAx0Eb86Z0AACA2VkGAcic09mfeWmk-zY-9aBbK2K4AACBhAAAkiIwFCGDUOCdCeQkS8E
2023/03/20-07:11:48,3t5YQisaXHn6sNyct76MxH,CQACAgQAAx0Eb86Z0AACA2ZkGAc0Eawsh7Nkv7xLkO3txA7tRgACBxAAAkiIwFAdLzz-cVGxxC8E
2023/03/20-07:12:09,2Z0yzmI4MR3hBIQBEhUveg,CQACAgQAAx0Eb86Z0AACA2dkGAdIA2_INsk6Lt8IiQ4yVGXzoQACCBAAAkiIwFCExEbnIie4di8E
2023/03/20-07:12:37,2Xtsv7BUMrNodQWH2JPOc0,CQACAgQAAx0Eb86Z0AACA2hkGAdlv0bxt3MFJ4CZjaYvmDLC9QACCRAAAkiIwFAchIqBGgABgQ8vBA
2023/03/20-07:12:56,2xYhSrp9lT1DeT3j9k7zoV,CQACAgQAAx0Eb86Z0AACA2lkGAd4suAfidk-dq-zoaSdPax9eQACChAAAkiIwFCso6b9W9L4qS8E
2023/03/20-07:13:15,0v0oL77zDnGTdRwB2q6OIm,CQACAgQAAx0Eb86Z0AACA2pkGAeK2clpPSaZPIFXWBlYDJJcHQACCxAAAkiIwFAC-GYBMUrgEi8E
2023/03/20-07:13:34,3Pyb7rYWBsRL24vmdlzlxk,CQACAgQAAx0Eb86Z0AACA2tkGAedodUMyVN-Tztu07KU7iP1vQACDBAAAkiIwFCIY0aq2pUbRi8E
2023/03/20-07:13:50,3cwtSvRlnlHHWpjjAvGfL8,CQACAgQAAx0Eb86Z0AACA2xkGAetqF2V8BzYcmrtNf2CG9Ya-AACDRAAAkiIwFBidjsGhJflaS8E
2023/03/20-07:14:06,0eg2AP9yrERdZbt3gZ637U,CQACAgQAAx0Eb86Z0AACA21kGAe-dSxsquAo6N0PSvEovaL12AACDhAAAkiIwFDuCzotawdMhy8E
2023/03/20-07:14:26,0DOQ9U9j374KJ5JVZRF44u,CQACAgQAAx0Eb86Z0AACA25kGAfRjL8dqfph8ansP8ujsivBHgACDxAAAkiIwFAGC1QL-Csv-y8E
2023/03/20-07:14:45,05UMQXFCsa9oPnLgfJHVyF,CQACAgQAAx0Eb86Z0AACA29kGAfkOgzOPMQtcnpMSAJTGxnPuwACEBAAAkiIwFC3q-mG69-cxy8E
2023/03/20-07:15:06,08QaHlMPWuO5PUxjl61bXn,CQACAgQAAx0Eb86Z0AACA3BkGAf6sPPVHPxGR579sJQEcTDjBwACERAAAkiIwFCPBVgNtOXhcy8E
2023/03/20-07:15:25,3h2fZOZweqrBrGZlUGSnxP,CQACAgQAAx0Eb86Z0AACA3FkGAgNKHhM2v95SognFqEOb-MaXgACEhAAAkiIwFCaDj9ogoghaC8E
2023/03/20-07:15:49,2PN6TyqjtzffLkLhB4dgEC,CQACAgQAAx0Eb86Z0AACA3JkGAgluKJTUNi4DJcp6MqKuwj90wACExAAAkiIwFBuPMqsowG9tC8E
2023/03/20-07:16:04,6N10tJfiQqm4wn6KM70aoT,CQACAgQAAx0Eb86Z0AACA3NkGAgzt3z1mPKFH6VFRG_wDga0NQACFBAAAkiIwFCPlzEfRrDnhy8E
2023/03/20-07:16:28,4pm0f5nyrclUt3JkpgciJ2,CQACAgQAAx0Eb86Z0AACA3RkGAhM0W30ceQGGfE_NmSFrKevpwACFRAAAkiIwFBqY8NM0GfMBS8E
2023/03/20-07:16:46,2sw8teIvVMRZKKYD5p795f,CQACAgQAAx0Eb86Z0AACA3VkGAheMRTgwvfGBSZG9O-4Cev3AAMWEAACSIjAUGdDW4VYYZrRLwQ
2023/03/20-07:17:09,2fp70dCeAE5WvnC2en1j4b,CQACAgQAAx0Eb86Z0AACA3ZkGAh0tSmASxgoirwCCFgZdg9lNwACFxAAAkiIwFBan4Y9Yukt6y8E
2023/03/20-07:17:33,6rSVuRt7xl4GsEQv4tphSl,CQACAgQAAx0Eb86Z0AACA3dkGAiN1zeDw2kMVy3QtHJc5DKOOQACGBAAAkiIwFAAAeBfp9-hhEMvBA
2023/03/20-07:17:52,4wZdal5NzPtwKcjLMt7vJj,CQACAgQAAx0Eb86Z0AACA3hkGAiguRbUmCWyrBK7TYCMy6u9lwACGRAAAkiIwFAaygFLw4AgzC8E
2023/03/20-07:18:12,7MIN37CiVP1lVjqKNmLMWk,CQACAgQAAx0Eb86Z0AACA3lkGAizHUIVSWWs0l6xydm5DvjvxwACGhAAAkiIwFA20oeDRpZM6C8E
2023/03/20-07:18:29,14rZjW3RioG7WesZhYESso,CQACAgQAAx0Eb86Z0AACA3pkGAjFOtTr3QllBVuTxVUSVuOTkgACGxAAAkiIwFADak8ULQSlyC8E
2023/03/20-07:18:50,29K9v9Y3wptKBvoR9wVTBR,CQACAgQAAx0Eb86Z0AACA3tkGAjaMGb1fH73rnW7Gw3rASmoHgACHBAAAkiIwFA3K-hf7t4kfC8E
2023/03/20-07:19:08,6bpmBNPfQ2KFAW0ik6F9Vq,CQACAgQAAx0Eb86Z0AACA3xkGAjsm48dkkfYfgnPv7RwprvY0wACHRAAAkiIwFAr7wq5zeAidy8E
2023/03/20-07:19:25,0Gea3D4b9izj8ghun07Ox9,CQACAgQAAx0Eb86Z0AACA31kGAj8zfYaWK6WRmXi3FOHEHGYmAACHhAAAkiIwFCl2-RNsvqV-S8E
2023/03/20-07:19:42,4qRHwcsUkrYFZe2fOlcrAR,CQACAgQAAx0Eb86Z0AACA35kGAkOLdQ-Tt40ayCLdBdXdsPNfQACHxAAAkiIwFA-j-dTsIVcYy8E
2023/03/20-07:20:16,1IgEHFHU5V73I5Iaxnlxv2,CQACAgQAAx0Eb86Z0AACA39kGAkwjeBzsyjr91AwuCvuPITYOQACIBAAAkiIwFBdDQ43pSQ4jy8E
2023/03/20-07:20:32,586eHbSgVkBHlWP6ORwx6E,CQACAgQAAx0Eb86Z0AACA4BkGAk_ImtIS4cr7ztcKKkrMpqttAACIRAAAkiIwFDyAWqLxUyRlC8E
2023/03/20-07:20:49,4IWP6OdBUJnJORgROPlAoX,CQACAgQAAx0Eb86Z0AACA4FkGAlQIYW1W5z4CTpRbKB2y5JDCQACIhAAAkiIwFBjLJDzHCy3ci8E
2023/03/20-07:21:07,1e3hPMCGrwPXYZ1DQhsiCE,CQACAgQAAx0Eb86Z0AACA4JkGAljAAFgJhEp6-cCXBLny9W4QqUAAiMQAAJIiMBQdGAuAnZmX-ovBA
2023/03/20-07:21:26,0GY3drHQDit4o0qZisYNI9,CQACAgQAAx0Eb86Z0AACA4NkGAl2OVtjx5R7WzDmjH66Vh2AMwACJBAAAkiIwFBEI8L3zHYIvS8E
2023/03/20-07:21:46,1vWtTis3VRkkUp8qST4jY5,CQACAgQAAx0Eb86Z0AACA4RkGAmKKKiSHBQB--ePNOhieylyjAACJRAAAkiIwFAk0nDBcuQcHS8E
2023/03/20-07:22:10,42gZM6AQ9BDMaTyTmMDVlN,CQACAgQAAx0Eb86Z0AACA4VkGAmhRFXMJ4xbSGZlfIKDAt8gLAACJhAAAkiIwFC9g3YVp8kG5S8E
2023/03/20-07:22:28,2Xa0M5kcQHdZHde9ktiXg2,CQACAgQAAx0Eb86Z0AACA4ZkGAm0EPng-MG-Vptr3uCQl_il9AACJxAAAkiIwFBIZVKXBeqYui8E
2023/03/20-07:22:44,6ckvmaiBHENJGm98hlDm72,CQACAgQAAx0Eb86Z0AACA4dkGAnDj-BNUSM6att6jKw-8Q5o-gACKBAAAkiIwFBQM7jqE7X1gi8E
2023/03/20-07:23:04,4yLSpYlcO0jPPLTa3nW8zN,CQACAgQAAx0Eb86Z0AACA4hkGAnXfGdZ2AW8bXh1xYivwZrLxgACKRAAAkiIwFBSQO_keKQ81S8E
2023/03/20-07:23:27,0Dkibk70FDp6t7eOZNemNQ,CQACAgQAAx0Eb86Z0AACA4lkGAnvy_PE-C4FZZSteTvco5wIKAACKhAAAkiIwFBEIc8dKhqOky8E
2023/03/20-07:23:45,5zvotQRVWAFpeb550Z3HgQ,CQACAgQAAx0Eb86Z0AACA4pkGAoB7HrTaAUgN9rE5KQjpoPrqAACKxAAAkiIwFCNHkUgvVrrdi8E
2023/03/20-07:24:03,0Gr2XQOIMaaUH86iOrWGur,CQACAgQAAx0Eb86Z0AACA4tkGAoT13-lRsV7qbyG9UphTWRSpwACLBAAAkiIwFB-3DS0AciNXS8E
2023/03/20-07:24:26,7g6gKYvsoYOLgIS9qPRdYi,CQACAgQAAx0Eb86Z0AACA4xkGAoqU1hJOb-T7Nor4klNXTIRJQACLRAAAkiIwFAWL5dDtZSpdi8E
2023/03/20-07:24:44,2IcdRlgkwZuVC6AQdawHJ2,CQACAgQAAx0Eb86Z0AACA41kGAo73zpAfsUcG-9O4SVpLjcQnQACLhAAAkiIwFBemG7LjvT7ji8E
2023/03/20-07:24:58,70MZuyiM2PkfPbRVovBTh2,CQACAgQAAx0Eb86Z0AACA45kGApJDN1jnP3dSZbJoGG0JhE41wACLxAAAkiIwFDp4ePxt5qUJy8E
2023/03/20-07:25:19,6u6bLHM3t2UcQWjPpooDEx,CQACAgQAAx0Eb86Z0AACA49kGApfu5Skv7a2AXcHLyHd6V0E4AACMBAAAkiIwFD09TFPSbliGS8E
2023/03/20-07:25:37,1Ojz92vyPK4fJ5K8RVnV5u,CQACAgQAAx0Eb86Z0AACA5BkGApxnC228wrlZYQnq1_ehj4BNAACMRAAAkiIwFBHAwSWP8UF0S8E
2023/03/20-07:25:58,7xfSCgVOkQJhVxnqzepATH,CQACAgQAAx0Eb86Z0AACA5FkGAqG-vrE-gVdMS2m_Q7cK3nY5AACMhAAAkiIwFCGrwz5n9xLsS8E
2023/03/20-07:26:18,1LNqr2FALBNFX1smNJcKD2,CQACAgQAAx0Eb86Z0AACA5JkGAqa27lfIV0mcNSKoH0nltvToAACMxAAAkiIwFCbSAOzCRtJSS8E
2023/03/20-07:26:34,6izxDWP8kx2yErjuHOdhHV,CQACAgQAAx0Eb86Z0AACA5NkGAqqL5lNZtn9GtIBlPdvt_PLVQACNBAAAkiIwFAlH3GF1mc3CC8E
2023/03/20-07:26:55,01KmuCiXyLX4G0YxVCeHDq,CQACAgQAAx0Eb86Z0AACA5RkGAq-4EPDZApd8h9TJoRmMUME1QACNRAAAkiIwFAROPmXzQxEGC8E
2023/03/20-09:05:40,5UeRwaFtpdo0Z3vD7FNKYG,CQACAgQAAx0Eb86Z0AACA5VkGCHkwshl7bhXbRCf8OjpStxyFgACOhAAAkiIwFAaZeErXFBtWi8E
2023/03/20-09:06:01,1elGwF4VwkwglV4nCBPJtv,CQACAgQAAx0Eb86Z0AACA5ZkGCH5lbt8s14BK7s2QvmqDAqx8gACOxAAAkiIwFBfaSSulSWEwC8E
2023/03/20-09:06:18,1Y6Pxm8LFw1zJBc3ZW3Stt,CQACAgQAAx0Eb86Z0AACA5dkGCIJdn8bDqKajRizfw6QH6A0ngACPBAAAkiIwFDrKbCeA2RJWy8E
2023/03/20-09:06:30,03eAQG4zEYLRnsHwkzlUJQ,CQACAgQAAx0Eb86Z0AACA5hkGCIVivhDCCruaEdbDt-P6Wz38gACPRAAAkiIwFDlUBXBCjJs9i8E
2023/03/20-09:06:46,1FL7eUG80aeUeyMO2N4btN,CQACAgQAAx0Eb86Z0AACA5lkGCImDDUOdol_tqmFp-IZQKuAlwACPhAAAkiIwFAs93oizb6aMy8E
2023/03/20-09:07:01,2exOqFZpfHpQE8E870qz1A,CQACAgQAAx0Eb86Z0AACA5pkGCI1Evty99b2eVStdRh0J_m1mQACPxAAAkiIwFDCrLyrjaeW_C8E
2023/03/20-09:07:22,1UoUZjnpCZsWbxTcrI3lpg,CQACAgQAAx0Eb86Z0AACA5tkGCJJxQWZRDY8sTgP5ZVD3owlDgACQBAAAkiIwFBEfP_CeZTzsi8E
2023/03/20-09:07:44,0rljrAA4HuyJxO5Y4ksY4S,CQACAgQAAx0Eb86Z0AACA5xkGCJgfPGV1w0ek9VoElv0UVACXwACQRAAAkiIwFCJM9xGRYP7jy8E
2023/03/20-09:08:13,4HO9Qw7bEtj0T5sjXtpFHl,CQACAgQAAx0Eb86Z0AACA51kGCJ94xuy4no9AAEja0LXLDbdEdcAAkIQAAJIiMBQzvGekwY3dPwvBA
2023/03/20-09:08:38,15y44uyGiDqQWLlhc1Rj9l,CQACAgQAAx0Eb86Z0AACA55kGCKWN77m7lhaCStuz8TgTjvzBAACQxAAAkiIwFBGqo0vZ8GJri8E
2023/03/20-09:08:59,5cS7DXWEIh6q6J22FzUIas,CQACAgQAAx0Eb86Z0AACA59kGCKqvLrAZh6xVgtblKZc_eORjgACRBAAAkiIwFCjnG9WJBGmXS8E
2023/03/20-09:09:18,0n0LxJE8y3i4QThQOjPvqS,CQACAgQAAx0Eb86Z0AACA6BkGCK-yZHNPpHH1DnJCpWIFWXzFwACRRAAAkiIwFBTEHZ8GG-kpy8E
2023/03/20-09:09:38,2bQD93op2qLns0ax1QRyiq,CQACAgQAAx0Eb86Z0AACA6FkGCLSz7mxeekB3DDD5f7uBHu7vgACRhAAAkiIwFC8OU8rhd15YS8E
2023/03/20-09:09:59,2iiOa1urBDqoKwjCLkIiG5,CQACAgQAAx0Eb86Z0AACA6JkGCLmtXQ4NQRQn3bYOKBbuot7BAACRxAAAkiIwFC2S6XeFbpEbS8E
2023/03/20-09:10:21,2JablW42vbhXVRD2spFODM,CQACAgQAAx0Eb86Z0AACA6NkGCL9Eu-kHMpxRozsYRBGj9_Q6wACSBAAAkiIwFAHZ6ez_KW9qy8E
2023/03/20-09:10:41,6yNPVGljyzMYTxEhL6fLBg,CQACAgQAAx0Eb86Z0AACA6RkGCMRBIQcKsL4FhpIWmJDYuLeJwACSRAAAkiIwFA9FCMjTt2KOy8E
2023/03/20-09:11:02,50dHgEzyYyytE1JxxBUDgj,CQACAgQAAx0Eb86Z0AACA6VkGCMm5QYUDejp0LKrlfMeQWYFygACShAAAkiIwFC4qOkKNJMczC8E
2023/03/20-09:11:21,5T7DUEeAj0hkMLTzIlDCRz,CQACAgQAAx0Eb86Z0AACA6ZkGCM42Ev_6rt3e_865kbjJ5KOvAACSxAAAkiIwFAZDtp3x904ji8E
2023/03/20-09:11:38,4l9wYxF3omJ5XVy5JG6VUv,CQACAgQAAx0Eb86Z0AACA6dkGCNJlcaINmcoknSKRLsyIN5R3AACTBAAAkiIwFDj6GPNkbFiXi8E
2023/03/20-09:11:55,18jxPJ0aA7zq0ijztjSvTY,CQACAgQAAx0Eb86Z0AACA6hkGCNa5ETAUoh5gd7jcknVjmSQ6AACTRAAAkiIwFCb7QgFqd6bbC8E
2023/03/20-09:12:10,5ilxoX6aPxcZRCs1BC3vq6,CQACAgQAAx0Eb86Z0AACA6lkGCNpsG9KnlMLTYrTqX5AeRzBEgACThAAAkiIwFD7Ny9DE02dnS8E
2023/03/20-09:12:28,0a9gVY9ogJKX24YajcBmS6,CQACAgQAAx0Eb86Z0AACA6pkGCN828hnPAKZORcBu6Vy8AtB-wACTxAAAkiIwFAjgNWF-YG3wS8E
2023/03/20-09:12:54,59HE6aXHNEwN1foRhVbCho,CQACAgQAAx0Eb86Z0AACA6tkGCOVnxMfTEYp8wajZmlMEyBnjAACUBAAAkiIwFBlGNjVNM9GyC8E
2023/03/20-09:13:19,5U8RciWth3LqnGmQgWSybT,CQACAgQAAx0Eb86Z0AACA6xkGCOvMQs28_ox6Ps0j1OADh61NgACURAAAkiIwFDuciBT4CUOaS8E
2023/03/20-09:13:42,5ouWquIaQFvbU9yj9lNeYt,CQACAgQAAx0Eb86Z0AACA61kGCPF6HvgpVM4kt-xC7H8_QcbfgACUhAAAkiIwFDwcSmBFd1g0C8E
2023/03/20-09:14:06,6eEZVHfuLQJsUO8kO4v3io,CQACAgQAAx0Eb86Z0AACA65kGCPezVej_R08SaYQivT308MR3QACUxAAAkiIwFDXPwglPXH2Ci8E
2023/03/20-09:14:28,1snRw3CQImnuTq7UaX6Are,CQACAgQAAx0Eb86Z0AACA69kGCP0gmt-_7JJrPQh-ecB_9jBZgACVBAAAkiIwFDTtpPWhSGUNC8E
2023/03/20-09:40:04,65ScLHjczF51bk8LzfuT7p,CQACAgQAAx0Eb86Z0AACA7BkGCn0mkZz_jUKCbeTMS31D0fwowACXxAAAkiIwFAKrpe-83C_ey8E
2023/03/20-09:40:21,4VNWI6oBDSooqnnTCePTmD,CQACAgQAAx0Eb86Z0AACA7FkGCoE_QO530r5_uZ1KjZxHPrS9gACYBAAAkiIwFDTb4UQI37RFS8E
2023/03/20-09:40:59,54jMQHR2SEwikDhnIfnJej,CQACAgQAAx0Eb86Z0AACA7JkGCor-pHBvsvDQChAXaQ-9Ko-MwACYhAAAkiIwFB3WhckLba7ci8E
2023/03/20-09:41:21,0qgzqQpdV28CUcUOXVuC1A,CQACAgQAAx0Eb86Z0AACA7NkGCpBSyANB0h-vGw1ocXnnzmJQwACYxAAAkiIwFDTL-IM_BREVi8E
2023/03/20-09:41:41,6nzRlhRF4o2zrsAEvPjTBW,CQACAgQAAx0Eb86Z0AACA7RkGCpURisF1RSH9J7J3a4osH65eAACZBAAAkiIwFA1UuRW9A79vS8E
2023/03/20-09:42:02,0DhnpIeCaMp85Jyc39sUBy,CQACAgQAAx0Eb86Z0AACA7VkGCpqyv9UI9TnWdIxKW7JXJ-IMwACZRAAAkiIwFAz8oXii5LUIi8E
2023/03/20-09:42:19,6lvJDlBrtabJWiBlMTGxKs,CQACAgQAAx0Eb86Z0AACA7ZkGCp6xfQObVDxs2j1DpHNFJuYlwACZhAAAkiIwFCq3iYD6OsccS8E
2023/03/20-09:42:38,5mapqrhN9e5oJX1zjPleEJ,CQACAgQAAx0Eb86Z0AACA7dkGCqNlnosNPgmMc6ChD0l7jv0UQACZxAAAkiIwFCXzpZbOcVD6y8E
2023/03/20-09:42:56,4noimvDUbDtEFhtqKdpkUU,CQACAgQAAx0Eb86Z0AACA7hkGCqfHYr_beIzK5ofIR6ovmp5rAACaBAAAkiIwFBWt2MlDBPWqi8E
2023/03/20-09:43:12,4SsnLHchCwH2DdQwDw9lDm,CQACAgQAAx0Eb86Z0AACA7lkGCqw5e4IyKoxh8p7DKQSbnrAWgACaRAAAkiIwFBdUYgeXLqOAAEvBA
2023/03/20-09:43:34,21KZqPt14xiy0kOFWpiKoG,CQACAgQAAx0Eb86Z0AACA7pkGCrG_Q8v9avu60paJNO74tFn3wACahAAAkiIwFBPk0TOMDuoRC8E
2023/03/20-09:43:52,2BCGYLCowCFuo1yjIH4P3Y,CQACAgQAAx0Eb86Z0AACA7tkGCrX2GZ6zBe-U1ydKP7RPUNLmAACaxAAAkiIwFBf6I9s2CTaGi8E
2023/03/20-09:44:04,2hsLpiKNkWpd4e9QuVdhar,CQACAgQAAx0Eb86Z0AACA7xkGCrkfczrZUoofogAAeTcAUNf9KkAAm0QAAJIiMBQEao4d2rtt1AvBA
2023/03/20-09:44:19,0Qex1HH6wOswOA2xq5sBNC,CQACAgQAAx0Eb86Z0AACA71kGCryNdhaira1Zt6szawC6qB6-AACbhAAAkiIwFBV8mnyk72TtS8E
2023/03/20-09:44:36,3Cyi2NqAU4ERJljExKysYU,CQACAgQAAx0Eb86Z0AACA75kGCsDfMx1EuiHypdYFATRaFFgSwACbxAAAkiIwFAMp1XLfHghEy8E
2023/03/20-09:44:58,0tu7OsLCxUDboZjJkQPj4j,CQACAgQAAx0Eb86Z0AACA79kGCsZAgSNjIU5lcRgk3EjJuWdIAACcBAAAkiIwFDHaR6tYVal6i8E
2023/03/20-09:45:17,6GnihxGXNy1CRiiNrsqYeM,CQACAgQAAx0Eb86Z0AACA8BkGCssYXx0grP2gpLntP9RiZpy9QACcRAAAkiIwFBWLiqQFngevS8E
2023/03/20-09:45:34,5zhuWncJsBKrQ1HhmAKNAg,CQACAgQAAx0Eb86Z0AACA8FkGCs9NED9CY_QRTmM4eiApnrG7gACchAAAkiIwFCD3vfUiKfzdy8E
2023/03/20-09:45:55,2QfufciNVnZQUPNpJCAIYZ,CQACAgQAAx0Eb86Z0AACA8JkGCtTD8fkbOCChUWFAAEoGjo5OMkAAnMQAAJIiMBQ-wmjl6SUBUMvBA
2023/03/20-09:46:27,7FY7x8eh1nRo44LBdxAFmg,CQACAgQAAx0Eb86Z0AACA8NkGCtyacv7Lb_-1fDtc4Lp3P5NsAACdBAAAkiIwFCeviTWclW5Ui8E
2023/03/20-09:46:54,7zHd9LxIZB8WKosSWN9Umj,CQACAgQAAx0Eb86Z0AACA8RkGCuO8kd031xUF0Bs2Y_yqycTFgACdRAAAkiIwFCCM1x-TkhIsS8E
2023/03/20-09:47:15,1Yt6et15Kl5a4DYdT3gpvK,CQACAgQAAx0Eb86Z0AACA8VkGCujmTGnAoJZpKTbHDsYVzvYZQACdhAAAkiIwFBuysX4bHrami8E
2023/03/20-10:49:15,5enxwA8aAbwZbf5qCHORXi,CQACAgQAAx0Eb86Z0AACA8ZkGDornMR4AwYyIxUldEX5PQPnTQACgRAAAkiIwFBBS8Ev3dIZ7i8E
2023/03/20-10:49:43,1n3b9Eekoy3S9ZSZ5DmTW1,CQACAgQAAx0Eb86Z0AACA8dkGDpG30jf31KKazNg0diVjt_xRQACghAAAkiIwFBrmUFpUff1wS8E
2023/03/20-10:50:04,3nsfB1vus2qaloUdcBZvDu,CQACAgQAAx0Eb86Z0AACA8hkGDpbtVaoR-HSz2-uwBErkUNClAACgxAAAkiIwFCAGqcHPoDWSi8E
2023/03/20-10:50:22,0y6kdSRCVQhSsHSpWvTUm7,CQACAgQAAx0Eb86Z0AACA8lkGDpuHJCFpnxF2fA9tl_fI6hRVgAChBAAAkiIwFAx9jxc0q2pAAEvBA
2023/03/20-10:50:40,7FihoA0WgTT21DkWR7wbYR,CQACAgQAAx0Eb86Z0AACA8pkGDp_76Dp9AvdjxVlHIRfAjPCAQAChRAAAkiIwFAgikF4wGCBmS8E
2023/03/20-10:50:57,6QfS2wq5sSC1xAJCQsTSlj,CQACAgQAAx0Eb86Z0AACA8tkGDqQtSZOfywYCazbq9wHJJPjhgAChhAAAkiIwFB_opZub81QTC8E
2023/03/20-10:51:15,7t3Xdbufg7q2onVsR8RBdY,CQACAgQAAx0Eb86Z0AACA81kGDqiBesaZN9LmbhVTtAIvodoXwAChxAAAkiIwFA6-pvJ2QIpIS8E
2023/03/20-10:51:32,45aBsnKRWUzhwbcqOJLwfe,CQACAgQAAx0Eb86Z0AACA85kGDqzeBGm0i7CqrvaP37TNS_Y7gACiBAAAkiIwFDa7D4GOe8C7C8E
2023/03/20-10:51:49,0Gl5s8IhMmQE5YQwM8Qx1J,CQACAgQAAx0Eb86Z0AACA89kGDrEco0e-sq48m8DL6C-__7FfAACiRAAAkiIwFAcec0Ih68WRy8E
2023/03/20-10:52:07,1FpVJ7HpZInE2GvhVE2TwT,CQACAgQAAx0Eb86Z0AACA9BkGDrW1ou7fHfIWBk5ath9SNUjhgACihAAAkiIwFAx50Da1w-Ohy8E
2023/03/20-10:52:24,7cv28LXcjAC3GsXbUvXKbX,CQACAgQAAx0Eb86Z0AACA9FkGDroQqDbKswmXj9MtCXH-Vv6PgACixAAAkiIwFCIRcfnRmPOzy8E
2023/03/20-10:52:44,5Hyr47BBGpvOfcykSCcaw9,CQACAgQAAx0Eb86Z0AACA9JkGDr8XLltbL9HU_R7M5Dchqu9jwACjBAAAkiIwFCTVasILL_Wii8E
2023/03/20-10:53:00,780W6YW5HFANQLR77Owern,CQACAgQAAx0Eb86Z0AACA9NkGDsMKhWGiaPDEEbESoG1NMpWfAACjRAAAkiIwFBWUSQwVAw1BS8E
2023/03/20-10:53:18,0xMd5bcWTbyXS7wPrBtZA6,CQACAgQAAx0Eb86Z0AACA9RkGDsd1NkDWsHEZtp2ZMAhXuhVygACjhAAAkiIwFABpsSgcoaTRi8E
2023/03/20-10:53:38,7hy90MZCpTXOq7FgJuZ5or,CQACAgQAAx0Eb86Z0AACA9VkGDsxEr53miup_UHIpPWByLt7IAACjxAAAkiIwFCzjAchrlG_Ry8E
2023/03/20-10:53:53,3mtIUX9LrCpIUiAAv9SD4a,CQACAgQAAx0Eb86Z0AACA9ZkGDtBMQFbDxtHJWG1gwo2n7nkBQACkBAAAkiIwFC-Gef_TReOIi8E
2023/03/20-10:54:11,4mm4V9uS6AOuWBG0f65HH9,CQACAgQAAx0Eb86Z0AACA9dkGDtSLikF9_XToZu28XWcajnYGAACkRAAAkiIwFAvsKBLap3SAi8E
2023/03/20-10:54:27,5feMDdJ65hAHtejeOTnVgf,CQACAgQAAx0Eb86Z0AACA9hkGDtjHKX8iGvuPQ-WBCVdNj4OGwACkhAAAkiIwFC7s652C8Jjhi8E
2023/03/20-10:54:45,5WcXkSzVrxyHajzUMOEYwH,CQACAgQAAx0Eb86Z0AACA9lkGDt0Si0_OQGkDAvo8RBFaRrAXAACkxAAAkiIwFDMVV4fT8vITy8E
2023/03/20-10:55:05,4G92yYrUs0cvY7G41YRI0z,CQACAgQAAx0Eb86Z0AACA9pkGDuJFbAlFkwshdUw-OkJc9EimAAClBAAAkiIwFCsHMG63U4NAAEvBA
2023/03/20-10:55:25,4ht4E2fVKCjOHg7K9aUHaN,CQACAgQAAx0Eb86Z0AACA9tkGDud1N8IaAU86s1el577w6r3JwAClRAAAkiIwFCrgY03TKCT4S8E
2023/03/20-10:55:45,40riOy7x9W7GXjyGp4pjAv,CQACAgQAAx0Eb86Z0AACA9xkGDuxFyS4NKtLsxV1Aip93opuaAAClhAAAkiIwFCtArqRazS0MS8E
2023/03/20-10:56:03,3oAwJxt4lhcOxocUruw5Fm,CQACAgQAAx0Eb86Z0AACA91kGDvC5HSa5zBQCQz9ovv105_w9AACmBAAAkiIwFBrlemz4yoDQy8E
2023/03/20-10:56:19,5QWjrWckcPcSVqQNfbD4Bc,CQACAgQAAx0Eb86Z0AACA95kGDvTuwVnx_uqSbBKspiXuXvPyQACmRAAAkiIwFDtfQuihOrBCi8E
2023/03/20-10:56:39,2H3HPGuPyhcbg5AqoQ4BWr,CQACAgQAAx0Eb86Z0AACA99kGDvmZzVgwEcrRXqClvV7CXh-EAACmhAAAkiIwFANa3Jgimcqxi8E
2023/03/20-10:56:55,4Oih3RDrSFg3afaOphBVuy,CQACAgQAAx0Eb86Z0AACA-BkGDv2CN8M8Nt3u4kD7JLvAXmHygACmxAAAkiIwFAw09xCVHt8lS8E
2023/03/20-10:57:13,43MZ2K6xe4fvg93C95Fays,CQACAgQAAx0Eb86Z0AACA-FkGDwJQ9bzcURPYIS5PlxiEbEAAX4AApwQAAJIiMBQGm3AmGxPkIkvBA
2023/03/20-10:57:29,28iWca1I2wjlrkfiMMP0aL,CQACAgQAAx0Eb86Z0AACA-JkGDwZSZdI2AJjo5zJYQL9qpBQlgACnRAAAkiIwFA6jmt5avGDqi8E
2023/03/20-10:57:47,1tg28JiXBuaUj5bZ8Ppuum,CQACAgQAAx0Eb86Z0AACA-NkGDwqwV4yVPaOQpkEkNxbnNLqIAACnhAAAkiIwFBcPF9PO7tWgy8E
2023/03/20-10:58:10,3YKptz29AsOlm7WAVnztBh,CQACAgQAAx0Eb86Z0AACA-RkGDxCgheR3vEPifpKTwUAASUHoE0AAp8QAAJIiMBQqyxn--R2YAsvBA
2023/03/20-10:58:27,2kMAKtrAu16HVWxBnOwuhd,CQACAgQAAx0Eb86Z0AACA-VkGDxT9pPdrdW5dg37TPb_eTBW1QACoBAAAkiIwFAwoHEhGMm0ry8E
2023/03/20-10:58:45,6gxycjJNMgmAyfzUXBN80P,CQACAgQAAx0Eb86Z0AACA-ZkGDxkfae6EvDP1gP2f3UkoDkBwgACoRAAAkiIwFAn08DGKRSnpC8E
2023/03/20-10:59:05,2OaYgSzgKJ324yierruemc,CQACAgQAAx0Eb86Z0AACA-dkGDx4Md57mDl5kMN95E7r8ckXPAACoxAAAkiIwFCpmYhI-ejEby8E
2023/03/20-10:59:23,3QFCL0dqEzXFIWlqWiVDJU,CQACAgQAAx0Eb86Z0AACA-hkGDyLWimKfzKOK8x234tRS0_RcQACpBAAAkiIwFBNsHSuhQS4Ey8E
2023/03/20-10:59:40,46UjKVKpPK4HyxkIEqQjFG,CQACAgQAAx0Eb86Z0AACA-lkGDycZB1WzcCJ8ndVLDXx4SPbfwACpRAAAkiIwFBsuvBP8z56pS8E
2023/03/20-11:00:01,0qvzXomUDJVaUboy2wMfiS,CQACAgQAAx0Eb86Z0AACA-pkGDywESB7iiYRuugyKNkf6GROAgACphAAAkiIwFCevgshP8My9y8E
2023/03/20-11:00:19,1nggCj00NY7GRx0CyWcMKY,CQACAgQAAx0Eb86Z0AACA-tkGDzDK0Cho1vzk46fe1DinpWwNAACpxAAAkiIwFDSahSyGVUQAy8E
2023/03/20-11:00:49,7ppPZa3TRUSGKaks9wH7VT,CQACAgQAAx0Eb86Z0AACA-xkGDzh9nDBAsIrw6ELa20Je_JW8gACqBAAAkiIwFA7uOX4AAE-FQwvBA
2023/03/20-11:01:08,0ll8uFnc0nANY35E0Lfxvg,CQACAgQAAx0Eb86Z0AACA-1kGDzzFlQqBr1XwYNoFOua7C8g6QACqRAAAkiIwFBI_gZLKjhb4y8E
2023/03/20-11:01:26,0IRmoVD5Zbndp79ShxphRb,CQACAgQAAx0Eb86Z0AACA-5kGD0Fjpb34omveCDzhX2SI4ZPvgACqhAAAkiIwFCvser0UFXIcy8E
2023/03/20-11:01:44,1eKvw144NYPlDjR0wQoGLW,CQACAgQAAx0Eb86Z0AACA-9kGD0XkgAB96E3Gx7sGTJsRse2vWQAAqsQAAJIiMBQ0oFxfic5GikvBA
2023/03/20-11:02:03,11xs8VwgHHIQqz3dbyEcLS,CQACAgQAAx0Eb86Z0AACA_BkGD0qscnz27Tt0N1ubGfukj9YRAACrBAAAkiIwFCbtYnquOOiNy8E
2023/03/20-11:02:21,3OYS0HPiHEVihL5p5R5hS3,CQACAgQAAx0Eb86Z0AACA_FkGD09l50bbpOAKujf0CSOX2PovQACrhAAAkiIwFB_NdBQhIpAbi8E
2023/03/20-11:02:39,7glsbwWdcZdErl14cqfGkP,CQACAgQAAx0Eb86Z0AACA_JkGD1OF9KOh39V0Reeqn6Xtr-swgACrxAAAkiIwFANXZiAW6_iuy8E
2023/03/20-11:02:58,7fkXzzIVo98CgjOkpd9H0V,CQACAgQAAx0Eb86Z0AACA_NkGD1h04Q8uotkMj-6-fTxyq7WQgACsBAAAkiIwFCyEQsXonH2vS8E
2023/03/20-11:03:20,2rzWSywjwzbysCmdOzssFR,CQACAgQAAx0Eb86Z0AACA_RkGD13M9s9PE35u6Lxk2HnGPhaYQACsRAAAkiIwFABpo1OjpCVNy8E
2023/03/20-11:03:45,5VSCgNlSmTV2Yq5lB40Eaw,CQACAgQAAx0Eb86Z0AACA_VkGD2Q-bSFfHEhk5kU5UrDGxft-QACshAAAkiIwFBVvNYVWtiLPy8E
2023/03/20-11:04:00,4SBlNremZnUZKxb0uv8xwf,CQACAgQAAx0Eb86Z0AACA_ZkGD2gJdyOkDaGHhSA_I1-_fVElAACsxAAAkiIwFBkRRRvL98Fqi8E
2023/03/20-11:04:18,1u0THw5xaGd7sYzJEh48Lt,CQACAgQAAx0Eb86Z0AACA_dkGD2xp8Cs5DitFJPtkoSzDUii7QACtBAAAkiIwFDDRiV7pIFEPS8E
2023/03/20-11:04:34,0f0k4Fh6XYz5EU1LgOwd1u,CQACAgQAAx0Eb86Z0AACA_hkGD3BsjqVm5cW8G2O6gkUPlV19gACtRAAAkiIwFAtBeej3Q-yTy8E
2023/03/20-11:04:50,3lWzVNe1yFZlkeBBzUuZYu,CQACAgQAAx0Eb86Z0AACA_lkGD3Rx5Yw-DiY_vug_04IZ-chtAACthAAAkiIwFDHDNtHFdwqgi8E
2023/03/20-11:05:10,7rdGrVIoqwPWOULauvglio,CQACAgQAAx0Eb86Z0AACA_pkGD3mwHMMi5yd10shcsK1HoigCAACtxAAAkiIwFBINrQJR5FDly8E
2023/03/20-11:05:28,49rpdsNYJirTTf6p6mMvag,CQACAgQAAx0Eb86Z0AACA_tkGD33yqsAAVbyMkdL4gEzGbRUFywAArgQAAJIiMBQlxvzQ7hKdggvBA
2023/03/20-11:05:48,6nxQdXa1uAL0rY72wPZu89,CQACAgQAAx0Eb86Z0AACA_xkGD4LSLwAAeUnDMkYVUX2TdSi7cQAArkQAAJIiMBQgAqyswVCOi4vBA
2023/03/20-11:06:08,0z9UVN8VBHJ9HdfYsOuuNf,CQACAgQAAx0Eb86Z0AACA_1kGD4fM9lhumhPEiMJphxBXfkfMQACuhAAAkiIwFBtcwvP1UIT6i8E
2023/03/20-11:06:26,60nZcImufyMA1MKQY3dcCH,CQACAgQAAx0Eb86Z0AACA_5kGD4xhXtsRerJNmMn-SrVrh2u2AACuxAAAkiIwFADpDPRxSMmmC8E
2023/03/20-11:06:43,4ccM2xBxicGigjLqt6A0YY,CQACAgQAAx0Eb86Z0AACA_9kGD5CW9siRcVCLp6cCXLbXZRkngACvBAAAkiIwFB6ZdnVPgjhwS8E
2023/03/20-11:07:13,2RlgNHKcydI9sayD2Df2xp,CQACAgQAAx0Eb86Z0AACBAABZBg-YfreHThbQih7A_7RzdoD76kAAr0QAAJIiMBQL8MiAnSjqrUvBA
2023/03/20-11:07:34,3oEkrIfXfSh9zGnE7eBzSV,CQACAgQAAx0Eb86Z0AACBAFkGD52TTg1kMurzFfsQzE81CF5VwACvhAAAkiIwFCrCxWo73hMWi8E
2023/03/20-11:07:53,1WsXmhkAVvg5ymvi0NJNq3,CQACAgQAAx0Eb86Z0AACBAJkGD6J9CcCc6V0-JxKU8ROomLEcQACvxAAAkiIwFCOlOTP6ocNqi8E
2023/03/20-11:08:23,4bHsxqR3GMrXTxEPLuK5ue,CQACAgQAAx0Eb86Z0AACBANkGD6mNgqq2UuWAr-Fq9Bd5QryMwACwBAAAkiIwFDGRIUdx79Dcy8E
2023/03/20-11:08:55,5TyktlBycDwVS1Me1L9gsu,CQACAgQAAx0Eb86Z0AACBARkGD7HV3dlQQO_CO9ZQtmkobn9bwACwRAAAkiIwFBAo20oncDfaS8E
2023/03/20-11:09:15,0zRtBDhwtIFTfoK2HuURbM,CQACAgQAAx0Eb86Z0AACBAVkGD7bYzZ61YCgJDuRbBbxoI3ZJQACwhAAAkiIwFBE5HsfDm_8jS8E
2023/03/20-11:09:34,4Kt5vJrtALYStj6VC1a9PO,CQACAgQAAx0Eb86Z0AACBAZkGD7tXK4mcqy9C_fjAAHsQzqtB4EAAsMQAAJIiMBQAR9rIu8qOFAvBA
2023/03/20-11:09:49,6XQHlsNu6so4PdglFkJQRJ,CQACAgQAAx0Eb86Z0AACBAdkGD79ywziIIr5MaYkY69xDnRfQQACxBAAAkiIwFDJsdvH7IzhWy8E
2023/03/20-11:10:08,0Zwz1reeqSoTkGsfFV1ssn,CQACAgQAAx0Eb86Z0AACBAhkGD8P2R3k8Cv0RlKLgzD4K388tAACxRAAAkiIwFDgi9hDBlplaC8E
2023/03/20-11:10:25,5tson2htpYtXMALweS4aW5,CQACAgQAAx0Eb86Z0AACBAlkGD8g6w3NKgdPVepiEvyczg578wACxhAAAkiIwFDVuycm6y_ixi8E
2023/03/20-11:10:45,4JUYaHt43h8SZQ4lYGsGJP,CQACAgQAAx0Eb86Z0AACBApkGD81xbgVnPcV3nj1LlQMy4yaMAACxxAAAkiIwFB2OSuLlV7P1i8E
2023/03/20-11:11:04,7gY3cyGcB2wnk2xDXiA0pe,CQACAgQAAx0Eb86Z0AACBAtkGD9ICjh4kjGTIOylvbmdBYtpSAACyBAAAkiIwFC_Y0a6fROzOC8E
2023/03/20-11:11:18,3qbzLMM4YTDXoFTSsxFQgE,CQACAgQAAx0Eb86Z0AACBAxkGD9WwEFSMtz5rV6okZRx3qn8BgACyRAAAkiIwFC2RJgD0MNsZC8E
2023/03/20-11:11:35,21TcDbGosp7w9YhTjOszgA,CQACAgQAAx0Eb86Z0AACBA1kGD9namG4GuunyzjJlJZwHbKLEAACyhAAAkiIwFDM8GgYeL2jUS8E
2023/03/20-11:11:55,3uBO6NggzbiNd0RSRgV8tL,CQACAgQAAx0Eb86Z0AACBA5kGD96C90Cj0nBWowhrwisNoQZNQACyxAAAkiIwFDAVh5t7XhZDC8E
2023/03/20-11:12:12,5SQYHWK8Xcthsyy4jWBPKB,CQACAgQAAx0Eb86Z0AACBA9kGD-MCG7P21nVr6POYMAmxGCHwgACzBAAAkiIwFAeQe_K-ryQEy8E
2023/03/20-11:12:33,2xFABo88Nj8FVw94IZqWDm,CQACAgQAAx0Eb86Z0AACBBBkGD-gYEBFfYkCk6eLjrDOBLsKZAACzRAAAkiIwFAHUuYtvNIEfy8E
2023/03/20-11:12:51,58HH7mUdFhh2uHciYZ33n1,CQACAgQAAx0Eb86Z0AACBBFkGD-zz819VPWLXPOCCX1ZySdz_QACzhAAAkiIwFBt8ujk8NObUC8E
2023/03/20-11:13:08,45KlnSuaOM4ypW2FTQCu2Z,CQACAgQAAx0Eb86Z0AACBBJkGD_DF4AEkz08Vdh2iNE0o2xmUgACzxAAAkiIwFDpjHuY7LS0Dy8E
2023/03/20-11:13:27,3I09LQbHS3NSU46Ly3tPpR,CQACAgQAAx0Eb86Z0AACBBNkGD_W5DqxQYpvEwPIrFutjnGCZgAC0hAAAkiIwFBrDqumoPPgay8E
2023/03/20-11:13:44,6qBZ8TaLDeCPQGWxm3Rq4h,CQACAgQAAx0Eb86Z0AACBBRkGD_nHBQpoRwB6yX_mpahIYmvoQAC1BAAAkiIwFBBmobVwguCNi8E
2023/03/20-11:14:10,4jDmJ51x1o9NZB5Nxxc7gY,CQACAgQAAx0Eb86Z0AACBBVkGEACjTMl7xEY6clFbnjSO3H9sAAC1RAAAkiIwFABShs6D4Q4Yi8E
2023/03/20-11:14:40,2HHtWyy5CgaQbC7XSoOb0e,CQACAgQAAx0Eb86Z0AACBBZkGEAfxiYqb1mMpqkl644rY_FTcwAC1hAAAkiIwFCHSMkgtZ6pri8E
2023/03/20-11:14:58,1D4XFKolp63mNqqMXJJL1V,CQACAgQAAx0Eb86Z0AACBBdkGEAxgewqed5_ZwzmZdBaxmMlyQAC1xAAAkiIwFADVU6Zgiulii8E
2023/03/20-11:15:24,5Q41NLTmGbVPozwHKK7bk2,CQACAgQAAx0Eb86Z0AACBBhkGEBLOepLYEExw0cTXcSVVuJUnQAC2BAAAkiIwFARZFvi3ezXLy8E
2023/03/20-11:15:42,28mwuJqKOjRpqo14GuKSkj,CQACAgQAAx0Eb86Z0AACBBlkGEBdcHTyuJiH79uaf_mViNnIRQAC2RAAAkiIwFAkkraX075j3C8E
2023/03/20-11:16:02,0s5jM0xFFbglahPKpzmf90,CQACAgQAAx0Eb86Z0AACBBpkGEByg0ju2dt6L05Mj-3UwSoG7wAC2hAAAkiIwFDYfhLg3zCKUS8E
2023/03/20-11:16:22,3c5z3XUOmU4yVOLBeGg05x,CQACAgQAAx0Eb86Z0AACBBtkGECG0DYaadjpZG3v9UKDgwH0LAAC3BAAAkiIwFA3bX9dZtBxIS8E
2023/03/20-11:16:39,4l9ytEMvyXBkYCNOa96jM1,CQACAgQAAx0Eb86Z0AACBBxkGECX5wLTA1Pxgpd5yYDHQ6wLJwAC3RAAAkiIwFDT2V8SiKsibi8E
2023/03/20-11:16:58,2phk4novoG8yCk3dN5kAEF,CQACAgQAAx0Eb86Z0AACBB1kGECpQCmqRK0oSynsvmxpg0krLAAC3hAAAkiIwFC33A8FEtHOcy8E
2023/03/20-11:17:18,031rzMIwZATyYYOPC2EYva,CQACAgQAAx0Eb86Z0AACBB5kGEC-QGmu0OlYECUiil0RXQaDjwAC4BAAAkiIwFB5wqG3bjAp6i8E
2023/03/20-11:17:33,5lkeYKxvxXb80SzJBjJY5h,CQACAgQAAx0Eb86Z0AACBB9kGEDMMFQCkSfwpv5CIJzklAABa-gAAuIQAAJIiMBQv-QptS77X3QvBA
2023/03/20-11:17:50,3V2hLNHrDJ4IHMQnwjmQT1,CQACAgQAAx0Eb86Z0AACBCBkGEDe9t1nxunhG7PK1BTqC0GwtAAC5BAAAkiIwFBvSBnpjZTiGS8E
2023/03/20-11:18:14,1VdZ0vKfR5jneCmWIUAMxK,CQACAgQAAx0Eb86Z0AACBCFkGED1k4F5fF2wkFn3Dn4eiMBWRgAC5RAAAkiIwFA_K4cFQ8NXvy8E
2023/03/20-11:18:29,5b7OgznPJJr1vHNYGyvxau,CQACAgQAAx0Eb86Z0AACBCJkGEEESyqAXeJb93F2pJDg1VtrvgAC5hAAAkiIwFBKyXWjT48pUS8E
2023/03/20-11:18:46,2IFioAFD8QEIq17UwOaSFb,CQACAgQAAx0Eb86Z0AACBCNkGEEWrkw0bAF0z3HbN0VdUVF9NgAC6BAAAkiIwFA5T2ORU44o5S8E
2023/03/20-11:19:05,0DGh73t9eaZA3X3ZXHf4Qe,CQACAgQAAx0Eb86Z0AACBCRkGEEodwmu_clDhYdoQ24Cva8QjQAC6RAAAkiIwFD3l3UuT9d4TC8E
2023/03/20-11:19:22,4hEkqQ8W2prLnFN43v92rx,CQACAgQAAx0Eb86Z0AACBCVkGEE5boli_fA3IyBGleVUkF5-4AAC6hAAAkiIwFAro40sk35O1i8E
2023/03/20-11:19:37,169YBmYRX0JNR3o4CJVWXY,CQACAgQAAx0Eb86Z0AACBCZkGEFIA-CVfr87dHlqZrovM2IgAwAC6xAAAkiIwFAd_7GA6OBa9C8E
2023/03/20-11:19:57,1R0a2iXumgCiFb7HEZ7gUE,CQACAgQAAx0Eb86Z0AACBCdkGEFd1_ipAAEIENq2G00jBKhSRmcAAuwQAAJIiMBQGOyHYnhZNvMvBA
2023/03/20-11:20:18,4IGXfhZYM3gFQVcNtWQ9pB,CQACAgQAAx0Eb86Z0AACBChkGEFxO-eQXkZsMHRrzo2_vtex9gAC7RAAAkiIwFA1E68FvpWPuS8E
2023/03/20-11:20:38,1cPtMErymxlrj7pssAB03r,CQACAgQAAx0Eb86Z0AACBClkGEGG6aC_oKbTMU536xAMbJeEQgAC7hAAAkiIwFC83tvIudD99i8E
2023/03/20-11:20:55,1oOnOS4xNZOMpCT0lKTNo2,CQACAgQAAx0Eb86Z0AACBCpkGEGWq1NAudYigpfW0_QB4tIAAYAAAu8QAAJIiMBQOl9wAyzmsPMvBA
